Business Name,Registered Agent,Name,Link to search result,Telephone,Website Quailty ,WebsiteURL,Email,Linkedin,FacebookProfile,Address,City,State,ZIP,Country,Link to Entity,Entity Name
Thrifty Heating & Cooling,PAM L COOKE,,,(734) 973-9330,,,,,,,,,,US,https://cofs.lara.state.mi.us/CorpWeb/CorpSearch/CorpSummary.aspx?token=nBxILn58HwVtv4JMRDwTm1cWblopjmzIgq3FCQzRMH7Z0mRAdeXC1J+3Aoe7ir2NczO/oXVRwdDtEpGCjXx+XMGDc6if9ALVN2Y9Nt9oPZB5jM/nxXVid9BoB2J9DkJihry6ZsSosxlpaisK5Q7dNAqOAOnIaBWPawldQg51Nyp/zhz2lfAKRUlwmuaO1ARN0AbvXpr7aqbjJhbOgSP9t2/jZqnA4+vk/GuZCTHfCkD09H10PkWl5dPAgtD7ve2uZ+LWNxjFQ+hoEw1vBCZnP3pHwBWTmm59V89zGgnlOiyHT2HEvMBuQJv5hS3Dwe7kIFp1/lDJL5GCWHxFKgR3LuDH1Eajjn9S,THRIFTY HEATING & COOLING
CRB Heating and Cooling,Not Found,,,(734) 341-2841,,,,,,,,,,US,No link found,No entity found
ACME,MICHELLE R.E. DONOVAN,,,(313) 343-1545,,,,,,,,,,US,https://cofs.lara.state.mi.us/CorpWeb/CorpSearch/CorpSummary.aspx?token=nBxILn58HwVtv4JMRDwTm1cWblopjmzIgq3FCQzRMH7Z0mRAdeXC1G6s7l1PJJpWT2xF9SzuRSeH+aamFE5rWBrNcdWHuXsc3xMCKJRgchKfLFiQD+ktviYHoOwLsiz2u6H6S7XEz6MCaWIyIggbeEGdYRDX3cWic4hSZ08Kv08Z3Y7m+JSIy75Qn4ZwXimEQh83E+vLEsMIWw6y8KCG5fV2VCWjopPfZRD3NQ6Q7Ub80MINccNbYTf1A8hYrhpYsf+A09w41UmnuYeFkb4kr0X4yc3IFr4lGXlFBr/jMdkdTVpOGlE55iMsU6BfyoBCUSCq6+jVVULxJT5CxUjE6UcI5ssgKP74,ACME 17 MI
Parker's Heating and Cooling,Not Found,,,(313) 410-6189,,,,,,,,,,US,No link found,No entity found
Rite-Temp Refrigeration,Not Found,,,(734) 716-1810,,,,,,,,,,US,No link found,No entity found
Dion Mechanical Solutions,GERARD DION,,,(734) 205-7623,,,,,,,,,,US,https://cofs.lara.state.mi.us/CorpWeb/CorpSearch/CorpSummary.aspx?token=nBxILn58HwVtv4JMRDwTm1cWblopjmzIgq3FCQzRMH7Z0mRAdeXC1IVRaoIzvC75PQjA6EZNav0Q8Z2m61ldEZHblVt4UpmkUqWVdCdpDbUnxtOiepNPlR66wJlNvxaVS5RL0wmiyyslfDvLWr6MUVPHIBXjygKnz39wXBFeDt07vNwjx+Rb+SQ+MjIlXR942x2mctoRrgYeVB/zde/znA8wbRoTCVWH9AP493+1XpYWk0rY5ZG+wS3VNWXCoJANIcy1If3HCs7fmgi+70XdQRqrOw9wWp0+ClejKVbE7aF0ydZwy0l3E6VUUufAf0WIvJB0SorX7HMzVUUi1zvAVRa2Aye2JNU4,DION MECHANICAL SOLUTIONS INC.
EZB Air,Not Found,,,(248) 437-4844,,,,,,,,,,US,No link found,No entity found
Novoa’s Services,ANGEL NOVOA,,,(678) 887-4942,,,,,,,,,,US,https://cofs.lara.state.mi.us/CorpWeb/CorpSearch/CorpSummary.aspx?token=nBxILn58HwVtv4JMRDwTm1cWblopjmzIgq3FCQzRMH7Z0mRAdeXC1CKwPrfR2HwbI4gnOoEFY015yPBeI/PcbLwDWs9YBE/7jHxEU19XPIQdwLxMUqJwGzN8TzU1T19MnuTAAcc5SRNYEjtPZtnu96Fe5C7SwOMuDk/aXyRvIu3rKJDExxLa/omIB8auiIYuuGOsEvsRZkJV9H95yTNUQSQD4Tco3rOnJRDxRGv1Ytj61cEee5415SQ5sw4Q2slGk7Wf1ESBSwRrLUA3rhP9PJpre+so0CCrE5qV+vEgpiTp9V+ig6tGeyIbNNmDZrXaVWNSBRcmnAvC4qqXjXe8Uff5QmZDGlac,NOVOA'S SERVICES LLC
Onnit Heating and Cooling,DURRON GUESS,,,(734) 722-5761,,,,,,,,,,US,https://cofs.lara.state.mi.us/CorpWeb/CorpSearch/CorpSummary.aspx?token=nBxILn58HwVtv4JMRDwTm1cWblopjmzIgq3FCQzRMH7Z0mRAdeXC1HwYBiR//OM3S4k1Fl3tOkmLql4bxUNWwDmTT/+3IikRFhwpMx0KZ5tKaOwbCqLlejL60sDv6ZqLIQiqCAx4f4ydWLPGacXoX+p34TC0Mjg/ONOkXvZ4Oo1rxoMN/tLRqYNXmY9qxY3PF/X/DXa8wwhXcAoOSHMp1RvBXRc73pudT8hF6IKH0TI11aFN//IrVLg4qatNO7Zs5B62y7xtl107Inm/Pb0EqWEvaOjnFEJuMBS+3Y06BOHAlOZnhkw7SjW6acTWrSGT6yma087EaIbxdmVKrxijxZS54ZkTUlgk,ONNIT HEATING AND COOLING LLC
Detroit Heating and Cooling Co,EHAB YASI,,,(248) 340-3609,,,,,,,,,,US,https://cofs.lara.state.mi.us/CorpWeb/CorpSearch/CorpSummary.aspx?token=nBxILn58HwVtv4JMRDwTm1cWblopjmzIgq3FCQzRMH7Z0mRAdeXC1Fk8Vfb9Dlo50OADSxlekgeje0gvF5RaawBwNhNkAtr5ILp9OrMNKTkOpFRlyEsR15cG7W4Mc8hEDirhVxy24Ay9WULfoIsJeq5oS1zKyLEy92Fz1yuL2WJ/FecP1iMonGXpYMhYA/zwN6LCynEqtdRdzQJIt6oON0rIH6VDKAnrPrC1P9aa5/NAna6cJoXzJASMZY+gUcl/bGn1njpyBENSi2sJwAEzR+oUEfWKU9v2j/jgC5Cpohlev9KVh6bYDrZQKggqOxLV5WHmLf+FTRT9Vp2IUSblHMTy7yKed3TW,DETROIT HEATING AND COOLING CO
Advanced Home Services,WILLIAM E DYE,,,(734) 604-3230,,,,,,,,,,US,https://cofs.lara.state.mi.us/CorpWeb/CorpSearch/CorpSummary.aspx?token=nBxILn58HwVtv4JMRDwTm1cWblopjmzIgq3FCQzRMH7Z0mRAdeXC1A5YAuNOLnzTGgvjQXgMuGSwfh5vw+b2LkEZL4Gek99YXkaqu7r8AB/6LKOG8qBUGLjCuSrzoVFEv2iRBR6PG3OwXO7Qs+J/+pIHJtBRgQZYT2UhLlisKXuhA11d7MYvwJCORpEOj76UDSEic41IHwMkK/eZhai16wNoYTIw2FuCfYkNaNcJf9z69rcsMJa1PS/EUVHwMzqZwcWId0wsRqfWVjsCVOyVB5V4Tcwd7QcsoNUuaIAtcUqwJLBbM7Lf3TfnzZcDhYwMwjFazTZRjjTxeNGbj/edsdOgzHilKn2w,ADVANCED HOME SERVICES
SCW Services,"UNITED STATES CORPORATION AGENTS, INC.",,,(734) 693-4210,,,,,,,,,,US,https://cofs.lara.state.mi.us/CorpWeb/CorpSearch/CorpSummary.aspx?token=nBxILn58HwVtv4JMRDwTm1cWblopjmzIgq3FCQzRMH7Z0mRAdeXC1AACcFgh3Rnqg++hPB+iRADG0uHce1bbWScH3IwdKX0MOOy8+B1yV/HknaWk1p0AUTcGRgD5ShYy2F83qfy6kvIB1tS03pt1iCUzA2OHx9KJ3ff3rLjDqQ/Avf8ib0kR7X1cW5Qcwfla8IZbWKC5N0FSKdethcW+gfOzrqJ6ex81NgoMTQ3hZpnr0N7L5JkJhTkBOW57qi6/V01V8td0sIss2kzC66co7bM2bCe4nOmnvPapRZ3FD1IcIbzf0yxeg/3mR3I7bjiKX3i/8g83UsMl40Bq8LyL5sKOjv2llwC2,SCW SERVICES LLC
Walker Family Heating & Cooling,PHILLIP J. WALKER,,,(517) 888-3007,,,,,,,,,,US,https://cofs.lara.state.mi.us/CorpWeb/CorpSearch/CorpSummary.aspx?token=nBxILn58HwVtv4JMRDwTm1cWblopjmzIgq3FCQzRMH7Z0mRAdeXC1Bc/QbvEKg35eBxYzD0N5MgFhKCh3WkbcwqMyrwdPzetev4Fi//Ndd9nkfNOTMdTUTN7t0F9VngHpmeDTUQ1Q2Em0wvWApkWzT3C/Wb84uX4c2eJ7IzNYLAx6bQUq0pdi1bSOa5VKPiUYxEiA8sCG8FQuOm3/lzy2nEyyKNXFuay66hTjss8hg8lWOSfW1LoFITVLxdtKIFpSEi26ZDQtk7yb5uYic3RvcoYfFG0N2OkwdUhCBRT+N1QVXbA9cvEyXKenBD2hfKP25NC1/p8P9bAMoHbtv0p6S5gJst6vWrA,WALKER FAMILY HEATING AND COOLING LLC.
Ches Services,Not Found,,,(313) 683-4010,,,,,,,,,,US,No link found,No entity found
Dion's Complete Plumbing Heating & Cooling,ANDREW DION,,,(734) 800-3820,,,,,,,,,,US,https://cofs.lara.state.mi.us/CorpWeb/CorpSearch/CorpSummary.aspx?token=nBxILn58HwVtv4JMRDwTm1cWblopjmzIgq3FCQzRMH7Z0mRAdeXC1M8eWnpzw7p580HKFBzKVSXfmJ2Yf4h7mPh7KtVuJoWXGY7glikcQwdOsP94YeeGu/wly3x5kb73FNbncl8cIQROWI6rZeJadfVro+uGnwz8ilIj724urQWjhrasEKallCaUZ8l3I5Qeh/8Ehqa/jUa8PjZyxiUqsKur3O70FUn/bjyzSIifZWRSquPhatZ9XnzG3+XFSb8k5RGRJ68PIbmY1wI2JLZ/QD6eXF21UG0usgV7p1nfex6EitJnbVsb6EKEVhL0qcx1LxyVzJJt2d/cFtiY/X+sN9IrH7Ko2ct6,"DION'S COMPLETE PLUMBING, HEATING, & COOLING LLC"
Ameripro Heating and Cooling,GREGORY L GOODMAN,,,(734) 276-4067,,,,,,,,,,US,https://cofs.lara.state.mi.us/CorpWeb/CorpSearch/CorpSummary.aspx?token=nBxILn58HwVtv4JMRDwTm1cWblopjmzIgq3FCQzRMH7Z0mRAdeXC1B8JGGkdqhbxhijxhedmhMv+UwJUUtKOqIeHPxjk5U7u4k3JZVACKYQwBGI0CeAv9NhKSfQH8STYP1226ZzwpDikgF4iwzK7sZ0LDbM4WnVq+6C4p9IPtGI+x/du8DTBYvGv1kGdOwko5e/3ad4HPwyVqHmhERPox5EnsLdeXJrOsQlgK/5+XDeqcM3InHj4s258xKsrmUXwE/5OjeutbUJtX1gRTxwlzrZt0yWitFJupEOnKYW9vNARcxoBhgSJwEqOTC7nss1srT900hR2b0yXs6PwaAkqcjeIV48bHeGH,AMERIPRO HEATING AND COOLING LLC
Motown Mechanical Heating and Cooling,JACOB J SPANGLER,,,(734) 833-8036,,,,,,,,,,US,https://cofs.lara.state.mi.us/CorpWeb/CorpSearch/CorpSummary.aspx?token=nBxILn58HwVtv4JMRDwTm1cWblopjmzIgq3FCQzRMH7Z0mRAdeXC1CQUgZLljPiscIyp1hy4v5QhcVCQjkdtOha6iPCyoKg8bQCYbjRDi8YtetDly/Ua9ZibCd0Yq27bLAIKNeUObY6uptynN46BKEtvORCRnytNRhDPu70RfB5Yba3nw3h1j++NPHu+GI43u/Z0nsr2StpA71SCWRLz/0mtZQ0glQXC6AzA2SWFfonLDdLZpH7EqT9aDgP0ve/BbdjWiSCGx1dxtc2ccXPZs/CrVUNGdtePDE71b4cwxeY17NlPeirVcjY8nPLGwuZf3jjDa7UdMVyafqX4HDxHnADpNfqLF4na,MOTOWN MECHANICAL HEATING AND COOLING LLC
Mike O’s Handy Pros,MICHAEL OFFERMAN,,,(313) 465-4944,,,,,,,,,,US,https://cofs.lara.state.mi.us/CorpWeb/CorpSearch/CorpSummary.aspx?token=nBxILn58HwVtv4JMRDwTm1cWblopjmzIgq3FCQzRMH7Z0mRAdeXC1PKhRDUPWvf/XB5A5trvLR5kN1Am7X24d/PoYmuzDf0X3ree/QGJdbhvl9Un5kjMFPLGdUXPCyqDVaAfKSmHjvxbtpA1NFrtq72P8fR9NKELWnIxAtAOcPeI8pn2zduKLEUuaGdzMUtVKTaKbm7KAjK65q82Ph81TdMR79+U60zmMumRovmxhHoOc2gTafxrMP7WHUg5LH/LNNfi0f+iztegntimOJPdinShw6gqfmqgNKBS3T8PEK40sFNQLHcgnuWlbaq5LP8RSI5snHVKhKSPs5QBvSBviageUVqkzQQF,MIKE. O'S HANDY PROS LLC
Blevins And Stamm Hvac,Not Found,,,(586) 438-1739,,,,,,,,,,US,No link found,No entity found
Home Service - HVAC,Not Found,,,(800) 560-2713,,,,,,,,,,US,No link found,No entity found
Fallert Heating & Cooling,PAUL J. FALLERT,,,(248) 437-9977,,,,,,,,,,US,https://cofs.lara.state.mi.us/CorpWeb/CorpSearch/CorpSummary.aspx?token=nBxILn58HwVtv4JMRDwTm1cWblopjmzIgq3FCQzRMH7Z0mRAdeXC1KeL1MgJWDfprtiyQAaxXZDUAGod6jXdPnY5rPP66l7VShaiXPp3g2OEwTmkYELyToyhhPAbgV1RYN+0NfNjWH3H4fu/BuXVaMGsOOgsmHWqYf9zyYkRgAtBFbzdVYA9zoTBqUxbvGagtDuQINjTGcqJSMkdM6sSVIXB0QRZ2dW/blet+pgn6K+n+KKJhr1s3TpYErBAKpZVZ9IlVOrqApp7kg1NFcbqxK+B9/BhEYI33dGkVaUwnQqUmVGBM8SbmL+wuIwD6mto17p6trVY16+LNvu01YJBqDV1hKsa1l5B,FALLERT HEATING AND COOLING INC.
Jesus Duct Care & HVAC,Not Found,,,(734) 530-3292,,,,,,,,,,US,No link found,No entity found
Repair Lennox HVAC Systems,Not Found,,,(734) 366-1933,,,,,,,,,,US,No link found,No entity found
Flashing Heating & Cooling Repair,Not Found,,,(734) 447-5214,,,,,,,,,,US,No link found,No entity found
Flying Heating & Cooling Repair,Not Found,,,(810) 206-2836,,,,,,,,,,US,No link found,No entity found
Certa HVAC Repair Company,Not Found,,,(517) 701-3282,,,,,,,,,,US,,
Ann Arbor Heating & Cooling,WILLIAM R COOKE,,,(734) 929-0600,,,,,,,,,,US,,
Advanced Attic Solutions Ann Arbor,Not Found,,,(855) 217-0249,,,,,,,,,,US,,
A1 Attic Insulation Company Ann Arbor,Not Found,,,(855) 357-9434,,,,,,,,,,US,,
SOS Attic Cleaners Ann Arbor,Not Found,,,(877) 480-8176,,,,,,,,,,US,,
SOS Attic Masters Ann Arbor,Not Found,,,(877) 635-9154,,,,,,,,,,US,,
Attic Control Ann Arbor,Not Found,,,(855) 348-2267,,,,,,,,,,US,,
Loyal Attic Insulation Ann Arbor,Not Found,,,(855) 553-2797,,,,,,,,,,US,,
SOS Attic Insulation Services Ann Arbor,Not Found,,,(877) 472-9861,,,,,,,,,,US,,
Elite Attic Services Ann Arbor,Not Found,,,(855) 627-1492,,,,,,,,,,US,,
Legacy Top Attic Services Ann Arbor,Not Found,,,(855) 627-3031,,,,,,,,,,US,,
I D C Heating & Cooling,ROBERT C ROBERTS,,,(734) 668-4131,,,,,,,,,,US,,
Repair Carrier HVAC Systems HVAC,Not Found,,,(734) 316-8493,,,,,,,,,,US,,
Free Estimates Cooling,Not Found,,,(734) 205-9513,,,,,,,,,,US,,
Lamkin Heating,Not Found,,,(734) 484-3624,,,,,,,,,,US,,
Paul Robrtson Heating Saline,Not Found,,,(734) 429-7295,,,,,,,,,,US,,
Jamnick Plumbing & Heating Inc,WILLIAM J. JAMNICK,,,(734) 434-4023,,,,,,,,,,US,,
Saline Plumbing And Heating,Not Found,,,(734) 944-4700,,,,,,,,,,US,,
Clear Advantage Mechanical,MATT VANHEULEN,,,(616) 520-5884,,,,,,,,,,US,,
Residence Inn by Marriott Grand Rapids Downtown,Not Found,,,(616) 776-5905,,,,,,,,,,US,,
Cook's Plumbing Heating & Cooling,Not Found,,,(616) 589-4095,,,,,,,,,,US,,
Innovative Comfort & Energy Solutions,MARK A PETERSEN,,,(616) 291-0756,,,,,,,,,,US,,
Brinker Mechanical Services,"UNITED STATES CORPORATION AGENTS, INC.",,,(616) 878-0229,,,,,,,,,,US,,
Total Comfort Resource,DONALD FELLOWS,,,(616) 406-3182,,,,,,,,,,US,,
Evans Tempcon,TODD COURTS,,,(616) 361-2681,,,,,,,,,,US,,
Ruiter Heating & Cooling,THOMAS W RUITER,,,(231) 733-8449,,,,,,,,,,US,,
Mac's Heating & Cooling,GARY L VANDER WAL,,,(616) 895-9090,,,,,,,,,,US,,
"Merkle & Company, Inc (MW36)",Not Found,,,(248) 766-2750,,,,,,,,,,US,,
Accurate Heating & Cooling,STEPHEN GARAFOLA,,,(616) 885-4584,,,,,,,,,,US,,
Star Furnace Repair,Not Found,,,(616) 256-0590,,,,,,,,,,US,,
Grand Rapids Air Conditioning Service & Repair,Not Found,,,(616) 228-4216,,,,,,,,,,US,,
GLCCB REYES Coca-Cola Bottling,Not Found,,,(616) 458-4536,,,,,,,,,,US,,
GRR PIPE,DAVID L. POTGETER,,,(616) 247-0307,,,,,,,,,,US,,
Central States Property,STEVE NICOLAS,,,(616) 456-8561,,,,,,,,,,US,,
Premier Grand Rapids AC Repair & Cleaning Services,Not Found,,,(616) 333-5703,,,,,,,,,,US,,
Cuello Air Conditioning & Refrigeration Service & Repair,Not Found,,,(621) 748-3710,,,,,,,,,,US,,
AC Hotel by Marriott Grand Rapids Downtown,Not Found,,,(616) 776-3200,,,,,,,,,,US,,
Michigan Heating & Cooling,Not Found,,,(616) 538-7260,,,,,,,,,,US,,
Stienstra Heating & Cooling,JEFF STIENSTRA,,,(616) 258-2377,,,,,,,,,,US,,
Jarosch Heating & Cooling,DAVID JAROSCH,,,(616) 552-1885,,,,,,,,,,US,,
Interstate Heating & Cooling,KIM SYLVER,,,(616) 677-3500,,,,,,,,,,US,,
HVAC Grand Rapids,Not Found,,,(616) 777-5199,,,,,,,,,,US,,
Thomas Heating and Cooling,JOHN GRICE,,,(616) 988-2191,,,,,,,,,,US,,
Elite Indoor Comfort,SCOTT SHAMPINE,,,(616) 538-4818,,,,,,,,,,US,,
Complete Air Services Heating & Cooling,TODD R RIVA,,,(616) 878-1884,,,,,,,,,,US,,
Kyle Fischer Appliance Tech & Handyman,Not Found,,,(616) 886-8029,,,,,,,,,,US,,
K & K Mechanical,KOREY REYNOLDS,,,(269) 447-7381,,,,,,,,,,US,,
Lakeshore Plumbing & Heating,JERRY CIESLIGA,,,(231) 861-7333,,,,,,,,,,US,,
Loc Heating & Cooling,Not Found,,,(616) 583-0299,,,,,,,,,,US,,
Ace Appliance,MARVIN NEILSEN,,,(616) 206-0639,,,,,,,,,,US,,
Ramos Heating & Cooling,Not Found,,,(616) 452-0020,,,,,,,,,,US,,
Cnc Appliance Repair,Not Found,,,(616) 389-0344,,,,,,,,,,US,,
B Ph Mechanical Services,SAMUEL MCFARLAND,,,(616) 957-4470,,,,,,,,,,US,,
Heating Contractor Grand Rapids,Not Found,,,(866) 214-9326,,,,,,,,,,US,,
Comfort Masters Heating & Air Conditioning,DAVID LAMBRIGHT,,,(616) 988-1560,,,,,,,,,,US,,
Air Technology Heating and Cooling,Not Found,,,(616) 238-5365,,,,,,,,,,US,,
A1 Aafordable Air Conditioning & Heating,Not Found,,,(616) 890-0319,,,,,,,,,,US,,
Perfectly Square Construction,BILL RIDLEY,,,(616) 608-2752,,,,,,,,,,US,,
Kris Kobylarz Heating and Cooling,KRISTIAN J. KOBYLARZ,,,(989) 334-5877,,,,,,,,,,US,,
Jp Quality Services,INC AUTHORITY RA,,,(616) 888-5661,,,,,,,,,,US,,
K&P Mechanical,Not Found,,,(616) 325-4569,,,,,,,,,,US,,
Servicefirst Hvac Parts,Not Found,,,(616) 243-0570,,,,,,,,,,US,,
The Building Performance Team,JAMES V. DIRKES II,,,(616) 791-9180,,,,,,,,,,US,,
Envi Energy Experts,Not Found,,,(805) 765-2720,,,,,,,,,,US,,
Diamond Heating & Cooling,BRANDON HILLS,,,(616) 459-3630,,,,,,,,,,US,,
Consumers Heating Company,Not Found,,,(616) 456-1157,,,,,,,,,,US,,
Falicki Heating Co.,Not Found,,,(616) 453-6174,,,,,,,,,,US,,
Cammenga & Karsemeyer Heating,TODD CAMMENGA,,,(616) 318-0193,,,,,,,,,,US,,
Custom Climate Solutions Inc,BRETT R BUCKINGHAM,,,(616) 301-9882,,,,,,,,,,US,,
Van Engen Heating & Cooling Llc,DAN VAN ENGEN,,,(616) 698-0703,,,,,,,,,,US,,
L. W. R. Heating & Cooling Inc.,LARRY W RILEY,,,(616) 784-4821,,,,,,,,,,US,,
C & G Services,"CHARLES A. BUTTE, JR.",,,(616) 975-0140,,,,,,,,,,US,,
Stearns Heating & Cooling LLC,Not Found,,,(616) 550-5484,,,,,,,,,,US,,
1st Class Heating Cooling Mech LLC,Not Found,,,(616) 363-0938,,,,,,,,,,US,,
Northview Mechanical & Building,GARY WILLIAMS,,,(616) 361-1140,,,,,,,,,,US,,
Rowells Heating AC & Service,Not Found,,,(616) 530-9848,,,,,,,,,,US,,
Refrigeration Engineering,"THE PRENTICE-HALL CORPORATION SYSTEM, INC.",,,(616) 735-2562,,,,,,,,,,US,,
Taurus heating HVAC Services,Not Found,,,(650) 360-2957,,,,,,,,,,US,,
Acme Heating & Cooling,ARTHUR F. PALMER,,,(616) 453-9492,,,,,,,,,,US,,
DeGraff Heating & Cooling,ROBERT A. DEGRAFF,,,(616) 451-0911,,,,,,,,,,US,,
Air Comfort Heating & Cooling L.L.C.,PATRICIA A POTTER,,,(616) 235-7470,,,,,,,,,,US,,
Trost Heating & Cooling Inc,BRIAN TROST,,,(734) 522-6437,,,,,,,,,,US,,
Wolverine Mechanical Services,Not Found,,,(734) 425-5100,,,,,,,,,,US,,
Furnace Guy Heating & Cooling,JOHN MILLER,,,(734) 261-9190,,,,,,,,,,US,,
Btu Heating & Cooling,CHRISTOPHER J VAUGHN,,,(734) 462-2610,,,,,,,,,,US,,
O Best Heating And Cooling,OSCAR BEST,,,(313) 728-5336,,,,,,,,,,US,,
Sheldo’s Heating And Cooling,SELESTER EARL KING JR.,,,(313) 263-7010,,,,,,,,,,US,,
Acme Heating & Cooling Company,Not Found,,,(734) 464-6100,,,,,,,,,,US,,
Hobbs Mechanical Heating,MICHAEL L HOBBS,,,(734) 427-8659,,,,,,,,,,US,,
"SunnyWinters Heating & Cooling, Inc.",RESIG EFFEC: 12/24/2003,,,(248) 358-5900,,,,,,,,,,US,,
Rna Heating & Cooling,Not Found,,,(734) 459-1954,,,,,,,,,,US,,
Advance Heating & Cooling,BARBARA SCHOUT,,,(734) 722-1302,,,,,,,,,,US,,
Superior Heating & Cooling,PIETRO V CERVINI,,,(313) 724-1200,,,,,,,,,,US,,
Public Heating Company,RONALD L. COLE,,,(248) 478-7410,,,,,,,,,,US,,
Luter's Heating & Cooling,EVERETT LUTER,,,(313) 535-0386,,,,,,,,,,US,,
Environmental Recovery Refrigeration,Not Found,,,(248) 496-4545,,,,,,,,,,US,,
Energy Savers Inc,DONALD KROT,,,(313) 255-0060,,,,,,,,,,US,,
Mechanical air llc,RICHARD SAWULSKI,,,(313) 538-2819,,,,,,,,,,US,,
Morgan Mechanical,TOM MORGAN,,,(313) 363-1194,,,,,,,,,,US,,
Northern Comfort Heating & Cooling,TIMOTHY BARRETT,,,(313) 608-0652,,,,,,,,,,US,,
Shamrock Mechanical LLC,KENNETH KENNEDY,,,(734) 658-9672,,,,,,,,,,US,,
Attar Enterprises Heating & Cooling,Not Found,,,(734) 324-0054,,,,,,,,,,US,,
K&H Heating and Cooling,KHALED ABDELHADI,,,(313) 445-9182,,,,,,,,,,US,,
THE APPLIANCE GURUZ,Not Found,,,(810) 336-3366,,,,,,,,,,US,,
Gorilla Plumbing,Not Found,,,(888) 731-8964,,,,,,,,,,US,,
SOMS Indoor Air Quality,PHILIP TACHAR,,,(248) 924-9710,,,,,,,,,,US,,
South Lyon Heating & Cooling,"MICHAEL MAKSYM, JR.",,,(248) 437-1882,,,,,,,,,,US,,
Hoover,RESIDENT AGENT SERVICES LLC,,,(734) 259-2423,,,,,,,,,,US,,
Robalee Mechanical,ROBERT LEE KENNEDY,,,(419) 975-1926,,,,,,,,,,US,,
Handy Dan Home Improvements,Not Found,,,(313) 929-5551,,,,,,,,,,US,,
Family Heating & Cooling,CRYSTAL PALKO,,,(248) 354-5001,,,,,,,,,,US,,
Dunrite On Time,Not Found,,,(517) 404-2995,,,,,,,,,,US,,
Rjays Home Services,ONDRAE RAGLAND JR,,,(313) 471-4732,,,,,,,,,,US,,
EJJ Hvac Wholesale Supply,JOSEPH GIROUX,,,(313) 999-3734,,,,,,,,,,US,,
Charter Air,Not Found,,,(734) 578-9771,,,,,,,,,,US,,
Kadiri Group,NAGIB KADIRI,,,(313) 478-1724,,,,,,,,,,US,,
Farmington Plumbing Heating and Cooling,Not Found,,,(248) 957-0509,,,,,,,,,,US,,
Jawani home services,ADAM SALEH,,,(313) 491-9999,,,,,,,,,,US,,
Gworks,REX GREENSLADE,,,(248) 499-3539,,,,,,,,,,US,,
Dependable Heating Cooling,Not Found,,,(313) 779-7881,,,,,,,,,,US,,
Air Systems,CHRISTOPHER D ROESER,,,(734) 453-6030,,,,,,,,,,US,,
Alex Heating And Cooling,Not Found,,,(248) 499-2792,,,,,,,,,,US,,
West 11th Plumbing Heating and Cooling,Not Found,,,(248) 957-0511,,,,,,,,,,US,,
Fire & Ice Construction,REGISTERED AGENTS INC.,,,(248) 306-9409,,,,,,,,,,US,,
J Milburn Mechanical LLC,JON MILBURN,,,(313) 384-7460,,,,,,,,,,US,,
"D & F Heating, Fireplace and Chimney",Not Found,,,(313) 870-7255,,,,,,,,,,US,,
Joiner Flooring Solutions,Not Found,,,(313) 720-8373,,,,,,,,,,US,,
Blessed Hands,SHANNON RAGLAND,,,(313) 778-3656,,,,,,,,,,US,,
Doctor's Heating Cooling & Refrigeration,Not Found,,,(313) 208-1567,,,,,,,,,,US,,
Seal Mechanical,BYRON SHELBY,,,(248) 257-8161,,,,,,,,,,US,,
R&A Mechanical Hvacr,Not Found,,,(313) 461-6430,,,,,,,,,,US,,
Deans Heating and Cooling,WILLIAM DEAN ALEXANDER,,,(734) 968-7652,,,,,,,,,,US,,
Daniel's Heating & Cooling,DANIEL FERNANDO ACOSTA,,,(586) 772-0400,,,,,,,,,,US,,
Duquet Arthur G Heating & Cooling,Not Found,,,(248) 348-3770,,,,,,,,,,US,,
Swac Wholesale Heating A-C LLC,Not Found,,,(313) 534-2665,,,,,,,,,,US,,
Farmington Hills Heating & Cooling Pros,Not Found,,,(248) 579-4182,,,,,,,,,,US,,
I D C Heating & Cooling,ROBERT C ROBERTS,,,(313) 255-2808,,,,,,,,,,US,,
Detroit Adequate Heating & Cooling Repair,Not Found,,,(313) 403-2792,,,,,,,,,,US,,
Lightninglike Lennox HVAC Systems,Not Found,,,(248) 621-4278,,,,,,,,,,US,,
Nrthlnd Heating & Air,Not Found,,,(313) 533-1927,,,,,,,,,,US,,
Tech IV Heating & Cooling,ROBERT RUFFOLO,,,(734) 422-1285,,,,,,,,,,US,,
Heating & Air Conditioning Company,Not Found,,,(734) 456-9174,,,,,,,,,,US,,
Grandell R A Heating Company Inc,Not Found,,,(313) 534-2070,,,,,,,,,,US,,
A Able Heating & Cooling,GEORGE EBERT,,,(313) 561-4850,,,,,,,,,,US,,
Kevin S Heating Cooling,KEVIN WAGER,,,(313) 533-2080,,,,,,,,,,US,,
Hotwired Electric Heating and Cooling,ROB CECIL,,,(734) 427-2197,,,,,,,,,,US,,
Robindale Plumbing and Heating,Not Found,,,(313) 952-9078,,,,,,,,,,US,,
National Heating & Cooling,FREDERICK W. WRIGHT JR.,,,(734) 464-3888,,,,,,,,,,US,,
Air Certified Heating Cooling & Airconditioning,Not Found,,,(313) 533-2230,,,,,,,,,,US,,
Heating & Air Conditioning Company,Not Found,,,(248) 277-4796,,,,,,,,,,US,,
Air Conditioning Specialties,Not Found,,,(248) 939-8504,,,,,,,,,,US,,
Heating & Cooling Contractors,Not Found,,,(248) 939-8503,,,,,,,,,,US,,
Cheap Heating & Air Conditioning,Not Found,,,(313) 766-0107,,,,,,,,,,US,,
Absolute Comfort Heating & Cooling,CRAIG W FRITSMA,,,(734) 513-9467,,,,,,,,,,US,,
Redford HVAC Pros,Not Found,,,(313) 426-4621,,,,,,,,,,US,,
A Aaco Heating & Cooling,Not Found,,,(248) 655-0550,,,,,,,,,,US,,
A Ross Heating & Cooling,THE CORPORATION COMPANY,,,(313) 274-6010,,,,,,,,,,US,,
Absolute Heating Cooling and Plumbing,Not Found,,,(313) 977-9616,,,,,,,,,,US,,
Boiling Point Heating & Air Company,Not Found,,,(248) 471-2677,,,,,,,,,,US,,
Heating Contractors & Specialties,Not Found,,,(248) 939-8507,,,,,,,,,,US,,
Frederick Plumbing & Heating,Not Found,,,(248) 358-3998,,,,,,,,,,US,,
P & T Heating and Cooling,TERENCE BURKS,,,(313) 784-8465,,,,,,,,,,US,,
Heating & Air Conditioning Company,Not Found,,,(248) 957-0622,,,,,,,,,,US,,
Justin Dryer Vent Professionals & HVAC,Not Found,,,(734) 530-3275,,,,,,,,,,US,,
Westland Plumbing Heating,Not Found,,,(734) 456-5313,,,,,,,,,,US,,
Plymouth Plumbing Heating and Cooling,Not Found,,,(734) 456-5296,,,,,,,,,,US,,
Gm Mechanical Heating COO,Not Found,,,(313) 682-0905,,,,,,,,,,US,,
Siglers Heating and Cooling,ROGER SIGLER,,,(313) 406-3824,,,,,,,,,,US,,
Davis Heating & Cooling,DARRELL DAVIS,,,(248) 967-1609,,,,,,,,,,US,,
Hypersonic Ruud HVAC Systems,Not Found,,,(248) 621-4282,,,,,,,,,,US,,
Air Conditioning Service & Repair,Not Found,,,(248) 939-8502,,,,,,,,,,US,,
Air Conditioning by Malestic Heating & Cooling,Not Found,,,(313) 835-1606,,,,,,,,,,US,,
Kokke Heating & Cooling Inc,Not Found,,,(248) 557-7730,,,,,,,,,,US,,
Cheap Heating & Air Conditioning,Not Found,,,(734) 452-2153,,,,,,,,,,US,,
Ace Heating & Cooling,Not Found,,,(734) 261-9058,,,,,,,,,,US,,
Temperature Unlimited Inc,JOHN JONES,,,(734) 266-2500,,,,,,,,,,US,,
Attic Insulation Expert Livonia,Not Found,,,(877) 293-2310,,,,,,,,,,US,,
911 Attic Insulation Livonia,Not Found,,,(877) 271-9599,,,,,,,,,,US,,
SOS Attic Insulation Services Livonia,Not Found,,,(877) 472-9861,,,,,,,,,,US,,
Legacy Top Attic Services Livonia,Not Found,,,(855) 627-3031,,,,,,,,,,US,,
AttiCare Cmpany Livonia,Not Found,,,(855) 213-6316,,,,,,,,,,US,,
TipTop Attic Insulation LLC Livonia,Not Found,,,(855) 359-3282,,,,,,,,,,US,,
Affordable Attic Insulation Livonia,Not Found,,,(877) 257-1580,,,,,,,,,,US,,
Attic Masters Insulation Services Livonia,Not Found,,,(877) 253-9112,,,,,,,,,,US,,
A1 Attic Insulation Company Livonia,Not Found,,,(855) 357-9434,,,,,,,,,,US,,
First Classic Heating & Cooling,Not Found,,,(248) 477-9136,,,,,,,,,,US,,
Loyal Attic Insulation Livonia,Not Found,,,(855) 553-2797,,,,,,,,,,US,,
Krutsch Services,DAVID A WERTMAN,,,(313) 535-8397,,,,,,,,,,US,,
GMB Heating & Cooling,Not Found,,,(734) 367-4246,,,,,,,,,,US,,
Freeman Heating Air Conditioning Services,Not Found,,,(248) 845-1424,,,,,,,,,,US,,
Will Folsom heating and cooling,Not Found,,,(248) 310-7768,,,,,,,,,,US,,
"Restaurant Ventilation Specialists, Inc.",ROBERT M BINELL,,,(248) 363-3044,,,,,,,,,,US,,
Birmingham Heating & Air,Not Found,,,(248) 752-1725,,,,,,,,,,US,,
Heating & Air Conditioning Company,Not Found,,,(734) 452-2152,,,,,,,,,,US,,
Free Estimates Cooling,Not Found,,,(248) 277-4803,,,,,,,,,,US,,
Brisk Heating & Cooling Repair,Not Found,,,(248) 221-1563,,,,,,,,,,US,,
Lightninglike Heating & Cooling Repair,Not Found,,,(248) 301-1437,,,,,,,,,,US,,
Emergency Heating & Air Conditioning Company,Not Found,,,(734) 452-1962,,,,,,,,,,US,,
Productive Heating & Cooling Repair,Not Found,,,(947) 221-0712,,,,,,,,,,US,,
Apt Heating & Cooling Repair,Not Found,,,(947) 252-2031,,,,,,,,,,US,,
Skilled Heating & Cooling Repair,Not Found,,,(248) 920-8926,,,,,,,,,,US,,
Robin Aire Heating & Cooling,C T CORPORATION SYSTEM,,,(248) 541-3300,,,,,,,,,,US,,
Clear Advantage Mechanical,MATT VANHEULEN,,,(616) 520-5884,,,,,,1620 Acacia Dr NW,Comstock Park,,49321.0,US,,
Residence Inn by Marriott Grand Rapids Downtown,Not Found,,,(616) 776-5905,,,,,,40 Louis St NW,Grand Rapids,,49503.0,US,,
Cook's Plumbing Heating & Cooling,Not Found,,,(616) 589-4095,,,,,,,Wyoming,,49509.0,US,,
Innovative Comfort & Energy Solutions,MARK A PETERSEN,,,(616) 291-0756,,,,,,1130 Fuller SE,Grand Rapids,,49506.0,US,,
Brinker Mechanical Services,"UNITED STATES CORPORATION AGENTS, INC.",,,(616) 878-0229,,,,,,3143 Rush Creek Dr SW,Byron Center,,49315.0,US,,
Total Comfort Resource,DONALD FELLOWS,,,(616) 406-3182,,,,,,3584 Fairlanes Ave SW,Grandville,,49418.0,US,,
Evans Tempcon,TODD COURTS,,,(616) 361-2681,,,,,,3260 Eagle Park Dr NE,Grand Rapids,,49525.0,US,,
Ruiter Heating & Cooling,THOMAS W RUITER,,,(231) 733-8449,,,,,,8429 13 Mile Rd NE,Rockford,,49341.0,US,,
Mac's Heating & Cooling,GARY L VANDER WAL,,,(616) 895-9090,,,,,,10958 88th Ave,Allendale,,49401.0,US,,
"Merkle & Company, Inc (MW36)",Not Found,,,(248) 766-2750,,,,,,,Grand Rapids,,49548.0,US,,
Accurate Heating & Cooling,STEPHEN GARAFOLA,,,(616) 885-4584,,,,,,1089 Leonard St NW,Grand Rapids,,49534.0,US,,
Star Furnace Repair,Not Found,,,(616) 256-0590,,,,,,536 Newberg Ave NW,Grand Rapids,,49504.0,US,,
Grand Rapids Air Conditioning Service & Repair,Not Found,,,(616) 228-4216,,,,,,1058 Scribner Ave NW,Grand Rapids,,49504.0,US,,
GLCCB REYES Coca-Cola Bottling,Not Found,,,(616) 458-4536,,,,,,333 Garfield Ave SW,Grand Rapids,,49504.0,US,,
GRR PIPE,DAVID L. POTGETER,,,(616) 247-0307,,,,,,1649 Century Ave SW,Grand Rapids,,49503.0,US,,
Central States Property,STEVE NICOLAS,,,(616) 456-8561,,,,,,1359 Dewberry Pl NE,Grand Rapids,,49505.0,US,,
Premier Grand Rapids AC Repair & Cleaning Services,Not Found,,,(616) 333-5703,,,,,,89 Ionia Ave SW,Grand Rapids,,49503.0,US,,
Cuello Air Conditioning & Refrigeration Service & Repair,Not Found,,,(621) 748-3710,,,,,,705 Eastern Ave SE,Grand Rapids,,49503.0,US,,
AC Hotel by Marriott Grand Rapids Downtown,Not Found,,,(616) 776-3200,,,,,,50 Monroe Ave NW,Grand Rapids,,49503.0,US,,
Michigan Heating & Cooling,CALVIN J FEYEN,,,(616) 538-7260,,,,,,2032 28th St SW,Wyoming,,49519.0,US,,
Stienstra Heating & Cooling,JEFF STIENSTRA,,,(616) 258-2377,,,,,,250 Monroe NW,Grand Rapids Charter Township,,49503.0,US,,
Jarosch Heating & Cooling,DAVID JAROSCH,,,(616) 552-1885,,,,,,908 W River Center Dr NE,Comstock Park,,49321.0,US,,
Interstate Heating & Cooling,KIM SYLVER,,,(616) 677-3500,,,,,,O 3550 Lk Michign Dr,Marne,,49435.0,US,,
HVAC Grand Rapids,Not Found,,,(616) 777-5199,,,,,,6559 Rollingview Dr,Hudsonville,,49426.0,US,,
Thomas Heating and Cooling,JOHN GRICE,,,(616) 988-2191,,,,,,1625 Walker NW,Grand Rapids,,49504.0,US,,
Elite Indoor Comfort,SCOTT SHAMPINE,,,(616) 538-4818,,,,,,2971 N Horseshoe Dr SW,Wyoming,,49418.0,US,,
Complete Air Services Heating & Cooling,TODD R RIVA,,,(616) 878-1884,,,,,,7974 Clyde Park Ave SW,Byron Center,,49315.0,US,,
Kyle Fischer Appliance Tech & Handyman,Not Found,,,(616) 886-8029,,,,,,,West Olive,,49460.0,US,,
K & K Mechanical,KOREY REYNOLDS,,,(269) 447-7381,,,,,,1020 5th St,Plainwell,,49080.0,US,,
Lakeshore Plumbing & Heating,JERRY CIESLIGA,,,(231) 861-7333,,,,,,,Shelby,,49455.0,US,,
Loc Heating & Cooling,Not Found,,,(616) 583-0299,,,,,,2386 Byron Shores Dr SW,Byron Center,,49315.0,US,,
Ace Appliance,MARVIN NEILSEN,,,(616) 206-0639,,,,,,,Wyoming,,49548.0,US,,
Ramos Heating & Cooling,Not Found,,,(616) 452-0020,,,,,,1045 Grandville Ave SW,Grand Rapids,,49503.0,US,,
Cnc Appliance Repair,Not Found,,,(616) 389-0344,,,,,,,Grand Rapids,,49508.0,US,,
B Ph Mechanical Services,SAMUEL MCFARLAND,,,(616) 957-4470,,,,,,611528 SE,Grand Rapids,,49546.0,US,,
Heating Contractor Grand Rapids,Not Found,,,(866) 214-9326,,,,,,3196 Kraft Ave,Grand Rapids Charter Township,,49512.0,US,,
Comfort Masters Heating & Air Conditioning,DAVID LAMBRIGHT,,,(616) 988-1560,,,,,,5724 Clay Ave SW,Grand Rapids,,49548.0,US,,
Air Technology Heating and Cooling,Not Found,,,(616) 238-5365,,,,,,,Jenison,,49428.0,US,,
A1 Aafordable Air Conditioning & Heating,Not Found,,,(616) 890-0319,,,,,,5001 Cedar Ridge St NE,Grand Rapids,,49525.0,US,,
Perfectly Square Construction,BILL RIDLEY,,,(616) 608-2752,,,,,,924 Cresent St NE,Grand Rapids,,49503.0,US,,
Kris Kobylarz Heating and Cooling,KRISTIAN J. KOBYLARZ,,,(989) 334-5877,,,,,,,Mount Pleasant,,48858.0,US,,
Jp Quality Services,INC AUTHORITY RA,,,(616) 888-5661,,,,,,,Wyoming,,49509.0,US,,
K&P Mechanical,Not Found,,,(616) 325-4569,,,,,,,Grand Rapids,,49504.0,US,,
Servicefirst Hvac Parts,Not Found,,,(616) 243-0570,,,,,,3403 Lousma Dr SE,Grand Rapids,,49548.0,US,,
The Building Performance Team,JAMES V. DIRKES II,,,(616) 791-9180,,,,,,1631 Acacia Dr NW,Grand Rapids,,49504.0,US,,
Envi Energy Experts,Not Found,,,(805) 765-2720,,,,,,,Walker,,,US,,
Diamond Heating & Cooling,BRANDON HILLS,,,(616) 459-3630,,,,,,619 Emperor St SW,Grand Rapids,,49504.0,US,,
Consumers Heating Company,Not Found,,,(616) 456-1157,,,,,,453 Carrier St NE,Grand Rapids,,49505.0,US,,
Falicki Heating Co.,Not Found,,,(616) 453-6174,,,,,,2231 Leonard St NW,Grand Rapids,,49504.0,US,,
Cammenga & Karsemeyer Heating,TODD CAMMENGA,,,(616) 318-0193,,,,,,4282 Central Pkwy,Hudsonville,,49426.0,US,,
Custom Climate Solutions Inc,BRETT R BUCKINGHAM,,,(616) 301-9882,,,,,,1867 Forest Lake Dr SE,Grand Rapids,,49546.0,US,,
Van Engen Heating & Cooling Llc,DAN VAN ENGEN,,,(616) 698-0703,,,,,,1061 Swather St SE,Grand Rapids,,49508.0,US,,
L. W. R. Heating & Cooling Inc.,LARRY W RILEY,,,(616) 784-4821,,,,,,3830 Mill Creek Dr NE,Comstock Park,,49321.0,US,,
C & G Services,"CHARLES A. BUTTE, JR.",,,(616) 975-0140,,,,,,2525 E Paris Ave SE,Grand Rapids,,49546.0,US,,
Stearns Heating & Cooling LLC,GREGORY STEARNS,,,(616) 550-5484,,,,,,478 Eleanor St NE,Grand Rapids,,49505.0,US,,
1st Class Heating Cooling Mech LLC,Not Found,,,(616) 363-0938,,,,,,3060 Dorais Dr NE,Grand Rapids,,49525.0,US,,
Northview Mechanical & Building,GARY WILLIAMS,,,(616) 361-1140,,,,,,4486 Miramar Ave NE,Grand Rapids,,49525.0,US,,
Rowells Heating AC & Service,Not Found,,,(616) 530-9848,,,,,,4101 Colby Ave SW,Wyoming,,49509.0,US,,
Refrigeration Engineering,"THE PRENTICE-HALL CORPORATION SYSTEM, INC.",,,(616) 735-2562,,,,,,3227 3 Mile Rd NW,Grand Rapids,,49534.0,US,,
Taurus heating HVAC Services,Not Found,,,(650) 360-2957,,,,,,550 Lafayette Ave SE,Grand Rapids,,49503.0,US,,
Acme Heating & Cooling,ARTHUR F. PALMER,,,(616) 453-9492,,,,,,1621 Richmond St NW,Grand Rapids,,49504.0,US,,
DeGraff Heating & Cooling,ROBERT A. DEGRAFF,,,(616) 451-0911,,,,,,1303 Plainfield Ave NE,Grand Rapids,,49505.0,US,,
Air Comfort Heating & Cooling L.L.C.,PATRICIA A POTTER,,,(616) 235-7470,,,,,,1014 Malta St NE,Grand Rapids,,49503.0,US,,
A Ross Heating & Cooling,THE CORPORATION COMPANY,,,(313) 274-6010,,,,,,,,,,,,
Absolute Heating Cooling and Plumbing,Not Found,,,(313) 977-9616,,,,,,,,,,,,
Boiling Point Heating & Air Company,Not Found,,,(248) 471-2677,,,,,,,,,,,,
Heating Contractors & Specialties,Not Found,,,(248) 939-8507,,,,,,,,,,,,
Frederick Plumbing & Heating,Not Found,,,(248) 358-3998,,,,,,,,,,,,
P & T Heating and Cooling,TERENCE BURKS,,,(313) 784-8465,,,,,,,,,,,,
Heating & Air Conditioning Company,Not Found,,,(248) 957-0622,,,,,,,,,,,,
Justin Dryer Vent Professionals & HVAC,Not Found,,,(734) 530-3275,,,,,,,,,,,,
Westland Plumbing Heating,Not Found,,,(734) 456-5313,,,,,,,,,,,,
Plymouth Plumbing Heating and Cooling,Not Found,,,(734) 456-5296,,,,,,,,,,,,
Gm Mechanical Heating COO,Not Found,,,(313) 682-0905,,,,,,,,,,,,
Siglers Heating and Cooling,ROGER SIGLER,,,(313) 406-3824,,,,,,,,,,,,
Davis Heating & Cooling,Not Found,,,(248) 967-1609,,,,,,,,,,,,
Hypersonic Ruud HVAC Systems,Not Found,,,(248) 621-4282,,,,,,,,,,,,
Air Conditioning Service & Repair,Not Found,,,(248) 939-8502,,,,,,,,,,,,
Air Conditioning by Malestic Heating & Cooling,Not Found,,,(313) 835-1606,,,,,,,,,,,,
Kokke Heating & Cooling Inc,Not Found,,,(248) 557-7730,,,,,,,,,,,,
Cheap Heating & Air Conditioning,Not Found,,,(734) 452-2153,,,,,,,,,,,,
Ace Heating & Cooling,DENNIS LAMB,,,(734) 261-9058,,,,,,,,,,,,
Temperature Unlimited Inc,Not Found,,,(734) 266-2500,,,,,,,,,,,,
Attic Insulation Expert Livonia,Not Found,,,(877) 293-2310,,,,,,,,,,,,
911 Attic Insulation Livonia,Not Found,,,(877) 271-9599,,,,,,,,,,,,
SOS Attic Insulation Services Livonia,Not Found,,,(877) 472-9861,,,,,,,,,,,,
Legacy Top Attic Services Livonia,Not Found,,,(855) 627-3031,,,,,,,,,,,,
AttiCare Cmpany Livonia,Not Found,,,(855) 213-6316,,,,,,,,,,,,
TipTop Attic Insulation LLC Livonia,Not Found,,,(855) 359-3282,,,,,,,,,,,,
Affordable Attic Insulation Livonia,Not Found,,,(877) 257-1580,,,,,,,,,,,,
Attic Masters Insulation Services Livonia,Not Found,,,(877) 253-9112,,,,,,,,,,,,
A1 Attic Insulation Company Livonia,Not Found,,,(855) 357-9434,,,,,,,,,,,,
First Classic Heating & Cooling,Not Found,,,(248) 477-9136,,,,,,,,,,,,
Loyal Attic Insulation Livonia,Not Found,,,(855) 553-2797,,,,,,,,,,,,
Krutsch Services,DAVID A WERTMAN,,,(313) 535-8397,,,,,,,,,,,,
GMB Heating & Cooling,Not Found,,,(734) 367-4246,,,,,,,,,,,,
All Furnaces Repair Service,Not Found,,,(586) 339-5941,,,,,,,,,,,,
Parent Heating & Cooling,SCOTT PAUL,,,(248) 616-9980,,,,,,,,,,,,
Cameron & King Pl-Ht-Air,Not Found,,,(313) 862-7100,,,,,,,,,,,,
Sheldo’s Heating And Cooling,SELESTER EARL KING JR.,,,(313) 263-7010,,,,,,,,,,,,
R M C Service Co,Not Found,,,(313) 342-0808,,,,,,,,,,,,
Birmingham Heating & Air,Not Found,,,(248) 752-1725,,,,,,,,,,,,
Hobbs Mechanical Heating,MICHAEL L HOBBS,,,(734) 427-8659,,,,,,,,,,,,
A G Heating & Cooling Inc,ALLEN S GONTE,,,(248) 204-9227,,,,,,,,,,,,
Novoa’s Services,ANGEL NOVOA,,,(678) 887-4942,,,,,,,,,,,,
B&B Climate Control,Not Found,,,(586) 222-1947,,,,,,,,,,,,
Detroit Heating and Cooling Co,EHAB YASI,,,(248) 340-3609,,,,,,,,,,,,
Seal Mechanical,BYRON SHELBY,,,(248) 257-8161,,,,,,,,,,,,
Sensible Heating & Cooling,RICHARD E. JOHNSON,,,(517) 515-8046,,,,,,,,,,,,
Dunrite On Time,Not Found,,,(517) 404-2995,,,,,,,,,,,,
"D & F Heating, Fireplace and Chimney",Not Found,,,(313) 870-7255,,,,,,,,,,,,
Fraser Heating and Cooling,JOHN W. WICKS,,,(586) 405-8683,,,,,,,,,,,,
Handy Dan Home Improvements,Not Found,,,(313) 929-5551,,,,,,,,,,,,
Blessed Hands,SHANNON RAGLAND,,,(313) 778-3656,,,,,,,,,,,,
Jayâs Heat and Cooling,Not Found,,,(586) 413-8028,,,,,,,,,,,,
Bob Carpenter Heating Co,Not Found,,,(248) 644-0123,,,,,,,,,,,,
Jay Heating & Cooling,Not Found,,,(313) 522-6054,,,,,,,,,,,,
Shepherd Park Emergency Sewer and Drain,Not Found,,,(248) 397-0330,,,,,,,,,,,,
5Star Infinity Heating And Cooling,Not Found,,,(313) 999-6229,,,,,,,,,,,,
Parker's Heating and Cooling,Not Found,,,(313) 410-6189,,,,,,,,,,,,
McCullough Icy Hot Heating &Cooling,CARLOS MCCULLOUGH,,,(313) 244-9052,,,,,,,,,,,,
Cheap Heating & Air Conditioning,Not Found,,,(248) 728-0048,,,,,,,,,,,,
Davis Heating and Cooling,DARRELL DAVIS,,,(248) 281-6963,,,,,,,,,,,,
Air Certified Heating Cooling & Airconditioning,Not Found,,,(313) 533-2230,,,,,,,,,,,,
Clawson Heating Maintenance,Not Found,,,(248) 237-4744,,,,,,,,,,,,
Detroit Skilled Heating & Cooling Repair,Not Found,,,(313) 261-7261,,,,,,,,,,,,
Snowden Plumbing and Heating,Not Found,,,(313) 915-9146,,,,,,,,,,,,
Dashing Heating & Cooling Repair,Not Found,,,(248) 509-0059,,,,,,,,,,,,
Redford HVAC Pros,Not Found,,,(313) 426-4621,,,,,,,,,,,,
Matt's Heating and Cooling,Not Found,,,(586) 822-3799,,,,,,,,,,,,
Detroit Automatic Sprinkler Company,WADE L. SYLVESTER,,,(586) 574-0100,,,,,,,,,,,,
Aladdin Heating & Cooling,DAVID E TUROWSKI,,,(586) 775-4646,,,,,,,,,,,,
Superior Air Heating and Cooling,PAGE ENGBARTH,,,(586) 943-1093,,,,,,,,,,,,
Reliable Energy Systems,CHARLES C. GROOMES,,,(586) 772-5310,,,,,,,,,,,,
Ron's Custom Heating & Cooling,KAYLAJOY YAEK,,,(586) 263-1014,,,,,,,,,,,,
Marek Mechanical LLC,JAMES J MAREK,,,(586) 758-0764,,,,,,,,,,,,
North Star Refrigeration Heating & Cooling,ANTHONY J CHABOT,,,(586) 939-0070,,,,,,,,,,,,
J&J Heating and Air Conditioning,JEFFREY MORACZEWSKI,,,(586) 344-3793,,,,,,,,,,,,
J & E Royalty Heating and Cooling,YOUSIF DANYAL JONA,,,(248) 584-1060,,,,,,,,,,,,
B & L Heating,ROBERT J. CURCIO,,,(248) 288-3150,,,,,,,,,,,,
Eastpointe Plumbing & Heating,NORM BYRNE,,,(586) 776-1742,,,,,,,,,,,,
Heatmasters Heating & Cooling,BRIAN W. HOPKINS,,,(586) 567-1976,,,,,,,,,,,,
Heating Authority,GREGORY M FILAR,,,(586) 268-1730,,,,,,,,,,,,
Creative Heating And Cooling Inc.,JOHN P CHANNELL,,,(586) 943-1214,,,,,,,,,,,,
Air Care HVAC,SEAN A FRASER RESIGN EFF: 10/18/2007,,,(248) 548-7776,,,,,,,,,,,,
Ray's Refrigeration & Air Conditioning,Not Found,,,(586) 755-1462,,,,,,,,,,,,
Sise Heating & Air Conditioning,Not Found,,,(586) 772-6810,,,,,,,,,,,,
Roseville Heating & Cooling,LAWRENCE A. POTVIN,,,(586) 294-7420,,,,,,,,,,,,
City Express Mechanical Heating & Cooling,Not Found,,,(586) 759-2050,,,,,,,,,,,,
March Mechanical,FORREST MARCH,,,(810) 560-0492,,,,,,,,,,,,
Daniel's Heating Cooling Plumbing,Not Found,,,(586) 772-0400,,,,,,,,,,,,
HVAC Investments,Not Found,,,(727) 228-9474,,,,,,,,,,,,
Maven Heating Duct & Air Conditioning,Not Found,,,(808) 946-4511,,,,,,,,,,,,
Temp - 1 Heating & Cooling,FOUAD O. YOUKHANNA,,,(248) 686-4757,,,,,,,,,,,,
Roman Empire Heating and Cooling,Not Found,,,(586) 202-0672,,,,,,,,,,,,
Morgan Mechanical,TOM MORGAN,,,(313) 363-1194,,,,,,,,,,,,
Ken's Refrigeration & Air Conditioning,Not Found,,,(586) 519-0597,,,,,,,,,,,,
Plt Heating & Cooling,Not Found,,,(313) 423-0018,,,,,,,,,,,,
Mobil Air,Not Found,,,(248) 307-1938,,,,,,,,,,,,
Kmetz Heating & Cooling,EDWARD R. KMETZ,,,(586) 777-1929,,,,,,,,,,,,
Abe's Sewer and Plumbing,Not Found,,,(313) 283-7413,,,,,,,,,,,,
Goodman Heating and Cooling,KAYS ESSAK,,,(313) 218-4343,,,,,,,,,,,,
Aero Heating & Cooling,DANIEL BERTOLINI,,,(586) 493-6000,,,,,,,,,,,,
Always Pray Heating & Cooling,Not Found,,,(248) 556-8661,,,,,,,,,,,,
Quality Mechanical Systems,TERENCE BENJAMIN,,,(313) 828-3933,,,,,,,,,,,,
Williams Cooling & Heating Dvsn of Wllms Rfrgrtn &,Not Found,,,(313) 372-5500,,,,,,,,,,,,
P M Plumbing & Mechanical,Not Found,,,(248) 392-6304,,,,,,,,,,,,
National Induction Heating,GREGORY M NELSON,,,(248) 547-5700,,,,,,,,,,,,
RoboVent,JOHN REID,,,(586) 204-6833,,,,,,,,,,,,
Daniel's Heating & Air Conditioning,Not Found,,,(313) 527-5935,,,,,,,,,,,,
EB Services,WILLIAM DIENER,,,(586) 751-7300,,,,,,,,,,,,
Hovey HVAC,IAN HOVEY,,,(586) 531-1250,,,,,,,,,,,,
Vance Avenue Emergency Sewer and Drain,Not Found,,,(248) 397-0319,,,,,,,,,,,,
J Milburn Mechanical LLC,JON MILBURN,,,(313) 384-7460,,,,,,,,,,,,
Heating Plus Cooling,SABAH M MAROUGY,,,(313) 893-3400,,,,,,,,,,,,
R&A Mechanical Hvacr,Not Found,,,(313) 461-6430,,,,,,,,,,,,
C & C Heating and Air Conditioning,DONNA CORRION,,,(586) 371-2020,,,,,,,,,,,,
Warren Hvac Service,BASHAR BARSSOOM,,,(586) 244-7066,,,,,,,,,,,,
American pride heating and cooling,Not Found,,,(248) 561-3898,,,,,,,,,,,,
C & C Heating and Air Conditioning,DONNA CORRION,,,(586) 218-3918,,,,,,,,,,,,
Dion's Complete Plumbing Heating & Cooling,ANDREW DION,,,(734) 800-3820,,,,,,,,,,,,
Quality Comfort Heating and Cooling,MICHAEL D. GIORDANO,,,(586) 222-7001,,,,,,,,,,,,
Silver Shepherd Home Services,JACOB KIRTLEY,,,(586) 360-8564,,,,,,,,,,,,
Teds Plumbing Heating,Not Found,,,(313) 670-5930,,,,,,,,,,,,
Mike O’s Handy Pros,MICHAEL OFFERMAN,,,(313) 465-4944,,,,,,,,,,,,
Titan Heating and Cooling,Not Found,,,(734) 239-3820,,,,,,,,,,,,
Williams Heat and Cool,Not Found,,,(313) 402-6542,,,,,,,,,,,,
E&T HVAC,Not Found,,,(989) 614-2377,,,,,,,,,,,,
Jam's Maintenance,JOSEPH BROWN,,,(586) 459-8433,,,,,,,,,,,,
Hazel Park Plumbing and Heating,Not Found,,,(248) 397-0269,,,,,,,,,,,,
Detroit Ductless Air Conditioning & Heat Pumps,Not Found,,,(313) 771-8807,,,,,,,,,,,,
Hamtramck Heating & Cooling Emergency Response,Not Found,,,(313) 356-5766,,,,,,,,,,,,
Madison Heights We Service Heating & Cooling Makes & Models,Not Found,,,(248) 301-2591,,,,,,,,,,,,
Heating & Air Conditioning Company,Not Found,,,(586) 298-3738,,,,,,,,,,,,
Detroit Able Heating & Cooling Repair,Not Found,,,(313) 466-7157,,,,,,,,,,,,
Holiday Heating,STEPHEN THIEL,,,(313) 647-4468,,,,,,,,,,,,
Vision Air Heating and Cooling,MICHAEL ANTHONY BARBOUR,,,(586) 343-8118,,,,,,,,,,,,
Clinton Township Heating & Cooling,Not Found,,,(586) 649-3170,,,,,,,,,,,,
Jet's Plumbing Heating & Cooling,SARGOON STEPHAN,,,(313) 769-4176,,,,,,,,,,,,
Detroit Casement Air Conditioning Repair,Not Found,,,(313) 497-4411,,,,,,,,,,,,
Exclusive Heating,NATHANIEL HALL,,,(313) 397-2811,,,,,,,,,,,,
Tech IV Heating & Cooling,ROBERT RUFFOLO,,,(586) 466-4000,,,,,,,,,,,,
Max Dryer Vent Solutions & HVAC,Not Found,,,(313) 327-3489,,,,,,,,,,,,
Quick Heating & Cooling Repair,Not Found,,,(586) 265-5687,,,,,,,,,,,,
Nimble Heating & Cooling Repair,Not Found,,,(586) 666-4784,,,,,,,,,,,,
Lakeview Heating Cooling Plumbing & Electrical,Not Found,,,(586) 436-3438,,,,,,,,,,,,
Camelot Heating & Air Conditioning Heating & Air Conditioning/HVAC,Not Found,,,(877) 361-3008,,,,,,,,,,,,
Fleet Carrier HVAC Systems,Not Found,,,(248) 509-0544,,,,,,,,,,,,
Acme Air Conditioning & Heating,Not Found,,,(726) 200-1700,,,,,,,,,,,,
Winged Heating & Cooling Repair,Not Found,,,(586) 666-4949,,,,,,,,,,,,
Air Flow Heating Supply,LARRY WALTER JR,,,(586) 755-1996,,,,,,,,,,,,
Triple A Heating Company,Not Found,,,(586) 755-1920,,,,,,,,,,,,
Advanced Attic Solutions Warren,Not Found,,,(855) 217-0249,,,,,,,,,,,,
A1 Attic Insulation Company Warren,Not Found,,,(855) 357-9434,,,,,,,,,,,,
Repair Trane HVAC Systems,Not Found,,,(586) 204-8894,,,,,,,,,,,,
"City Express Heating & Cooling, Inc.",FAREED YOUKHANNA,,,(248) 547-0200,,,,,,,,,,,,
Arctic Flame Heating & Cooling,Not Found,,,(586) 932-3374,,,,,,,,,,,,
Roseville Plumbing Heating and Cooling,Not Found,,,(586) 298-3204,,,,,,,,,,,,
Polar Heating & Cooling,DOUGLAS A KESTELOOT,,,(586) 778-5430,,,,,,,,,,,,
Hvac Preferred Engineer System,Not Found,,,(248) 541-3521,,,,,,,,,,,,
Rapid Service Refrigeration,Not Found,,,(586) 294-5959,,,,,,,,,,,,
Michael Norton Heating,Not Found,,,(248) 445-8674,,,,,,,,,,,,
Trane HVAC Systems Repair,Not Found,,,(586) 217-2572,,,,,,,,,,,,
Top Team Attic Insulation Warren,Not Found,,,(855) 622-7361,,,,,,,,,,,,
Marciniak Heating & Cooling,Not Found,,,(586) 779-8593,,,,,,,,,,,,
Detroit Heating & Air Conditioning Company,Not Found,,,(248) 729-0497,,,,,,,,,,,,
Sj Heating Cooling,Not Found,,,(313) 527-5909,,,,,,,,,,,,
Decker Boiler Company,RICHARD H DECKER,,,(586) 773-2402,,,,,,,,,,,,
Detroit Heating & Air Conditioning Company,Not Found,,,(586) 467-0435,,,,,,,,,,,,
Heating & Air Conditioning Company,Not Found,,,(248) 397-0289,,,,,,,,,,,,
Warren Plumbing and Heating,Not Found,,,(586) 467-0475,,,,,,,,,,,,
Detroit Heating & Air Conditioning Company,Not Found,,,(248) 397-0860,,,,,,,,,,,,
Ambient Temp Heating and Cooling,Not Found,,,(586) 434-5075,,,,,,,,,,,,
Maurice Heating and Cooling,Not Found,,,(586) 920-2863,,,,,,,,,,,,
Fast Heating and Air Conditioning,Not Found,,,(248) 546-0101,,,,,,,,,,,,
Refrigeration R W,Not Found,,,(586) 619-7180,,,,,,,,,,,,
Arctic Flame Heating & Cooling,Not Found,,,(248) 996-0075,,,,,,,,,,,,
Mound Road Plumbing and Heating,Not Found,,,(313) 731-9132,,,,,,,,,,,,
