Business Name,2024-03-09_22-55-56_Name,2024-03-09_22-55-56_Link,Name,Link to search result,Telephone,Website Quailty ,WebsiteURL,Email,Linkedin,FacebookProfile,Address,City,State,ZIP,Country,Link to Entity,Entity Name
Thrifty Heating & Cooling,"THRIFTY HEATING & COOLING, THRIFTY HEATING & COOLING COMPANY","https://cofs.lara.state.mi.us/CorpWeb/CorpSearch/CorpSummary.aspx?token=nBxILn58HwVtv4JMRDwTm1cWblopjmzIgq3FCQzRMH7Z0mRAdeXC1J+3Aoe7ir2NczO/oXVRwdDtEpGCjXx+XMGDc6if9ALVN2Y9Nt9oPZB5jM/nxXVid9BoB2J9DkJihry6ZsSosxlpaisK5Q7dNAqOAOnIaBWPawldQg51Nyp/zhz2lfAKRUlwmuaO1ARN0AbvXpr7aqbjJhbOgSP9t2/jZqnA4+vk/GuZCTHfCkD09H10PkWl5dPAgtD7ve2uZ+LWNxjFQ+hoEw1vBCZnP3pHwBWTmm59V89zGgnlOiyHT2HEvMBuQJv5hS3Dwe7kIFp1/lDJL5GCWHxFKgR3LuDH1Eajjn9S, https://cofs.lara.state.mi.us/CorpWeb/CorpSearch/CorpSummary.aspx?token=nBxILn58HwVtv4JMRDwTm1cWblopjmzIgq3FCQzRMH7Z0mRAdeXC1GrEQoDUqVbAfRUEVHjUKDzStn301SM5A6XAHvUyyPKBZNXaeFRxNN8BEcmLRL46kYh5ufZ8II4DBjEiVySzNUnAs1Ace0/EuHjj9VFwB/JZ6HERqGzLTodwkZwbr1Ul6Kxiq0tNoHsFR3YGdmb3tHWpWWJ792aQ7JX8+6LIQUrHvRTZVx1YnkEwVkHiIhVaODwkRM5odl1Jlp36Ld2LmuZCv9NTCXwMHiz8wxlZXPGFYvqsCiyrjiyEeFvaAPZF7L48VAiUCIyJlIhahk203iCoplNlCLptAXjc3YZ6zSCk",,,(734) 973-9330,,,,,,,,,,US,https://cofs.lara.state.mi.us/CorpWeb/CorpSearch/CorpSummary.aspx?token=nBxILn58HwVtv4JMRDwTm1cWblopjmzIgq3FCQzRMH7Z0mRAdeXC1J+3Aoe7ir2NczO/oXVRwdDtEpGCjXx+XMGDc6if9ALVN2Y9Nt9oPZB5jM/nxXVid9BoB2J9DkJihry6ZsSosxlpaisK5Q7dNAqOAOnIaBWPawldQg51Nyp/zhz2lfAKRUlwmuaO1ARN0AbvXpr7aqbjJhbOgSP9t2/jZqnA4+vk/GuZCTHfCkD09H10PkWl5dPAgtD7ve2uZ+LWNxjFQ+hoEw1vBCZnP3pHwBWTmm59V89zGgnlOiyHT2HEvMBuQJv5hS3Dwe7kIFp1/lDJL5GCWHxFKgR3LuDH1Eajjn9S,THRIFTY HEATING & COOLING
CRB Heating and Cooling,No results found,No results found,,,(734) 341-2841,,,,,,,,,,US,No link found,No entity found
ACME,"ACME 17 MI, ACME 72, LLC, ACME ABRASIVE, ACME ABRASIVE CO., ACME ABRASIVE CO., ACME ABRASIVE MANUFACTURING CO., ACME ABRASIVE MANUFACTURING CO., ACME ABRASIVE MANUFACTURING, INC., ACME ACADEMY, LLC, ACME ACQUISITIONS, LLC, ACME ACRES, L.L.C., ACME AEROSPORTS CLUB, LLC, ACME AGENCY, INC., ACME AIR FILTER SERVICE CORP., ACME ALL STAR AWNINGS & SIGNS LLC, ACME ALTERNATIVE HEALTH, LLC, ACME AMALGAMATED TRUCKING INC, ACME & DODGE TELECOMM VOICE AND DATA INC., A.C.M.E. ANTIQUES, LLC, ACME APPLIANCE REPAIR & REFRIGERATION, L.L.C., ACME APPRAISALS INC., ACME APPRAISALS NORTH, INC., ACME APPRAISALS NW, L.L.C., ACME AQUISITION LLC, ACME ARCHITECTURAL SIGNS, INC.","https://cofs.lara.state.mi.us/CorpWeb/CorpSearch/CorpSummary.aspx?token=nBxILn58HwVtv4JMRDwTm1cWblopjmzIgq3FCQzRMH7Z0mRAdeXC1G6s7l1PJJpWT2xF9SzuRSeH+aamFE5rWBrNcdWHuXsc3xMCKJRgchKfLFiQD+ktviYHoOwLsiz2u6H6S7XEz6MCaWIyIggbeEGdYRDX3cWic4hSZ08Kv08Z3Y7m+JSIy75Qn4ZwXimEQh83E+vLEsMIWw6y8KCG5fV2VCWjopPfZRD3NQ6Q7Ub80MINccNbYTf1A8hYrhpYsf+A09w41UmnuYeFkb4kr0X4yc3IFr4lGXlFBr/jMdkdTVpOGlE55iMsU6BfyoBCUSCq6+jVVULxJT5CxUjE6UcI5ssgKP74, https://cofs.lara.state.mi.us/CorpWeb/CorpSearch/CorpSummary.aspx?token=nBxILn58HwVtv4JMRDwTm1cWblopjmzIgq3FCQzRMH7Z0mRAdeXC1BwGY1S0mGdB8/LlshcMEeacioq76bB9ZYYVyGlZxeZpHR4O3L4pNU+z4lqM20SYHd/p9M7qFw05ggw9fJl8ZzvF/QF71j9hm6/5QlE75SCIc3i+Opsk0FotVbJ6XLbY0ucI3DmgKrG4MHzEpC9MkctD2W9Ed6WG3ba7ZcZOl006eG+ewaQD3HflFhEtFI2dB6k1u3mtly++l1ae2r+TOISHXz5/j57XJfNm6xUvB6/WxR5dhkLmcut/BN60BHdla/fJzrxFmPXKXjGzQoXMb/r98xmSS2ih4JqbELUumN6K, https://cofs.lara.state.mi.us/CorpWeb/CorpSearch/CorpSummary.aspx?token=nBxILn58HwVtv4JMRDwTm1cWblopjmzIgq3FCQzRMH7Z0mRAdeXC1CFsuxbhrHpl9AyihslBuCePMrB9J9pcTSYyZO5zlaKGntOfOH1v2TLUhwH9AkFOTpNNK2gHmHs6LdFK6OydeMyj8oPz3/FiEOWbnFHJIkvGJHseZsP856fXeFfZqFek5dpHInhe/slBKEnL9gBOCqVsJKQRfiiSkQ+atPZGmsAaYaintV7KHV88HOxm89iBjWhh9dGzme36L1S6yQTQflceEulFoHJhV8S1/fgnxfCyBFmP5GwtsgYJy1UC5RLc6ZInBiuA8OE3fZjbHT2Z0SETyC3QfHFvTzgzGPpTz20E, https://cofs.lara.state.mi.us/CorpWeb/CorpSearch/CorpSummary.aspx?token=nBxILn58HwVtv4JMRDwTm1cWblopjmzIgq3FCQzRMH7Z0mRAdeXC1CFsuxbhrHpl9AyihslBuCePMrB9J9pcTSYyZO5zlaKGntOfOH1v2TLUhwH9AkFOTpNNK2gHmHs6LdFK6OydeMyj8oPz3/FiEOWbnFHJIkvGJHseZsP856fXeFfZqFek5dpHInhe/slBKEnL9gBOCqVsJKQRfiiSkQ+atPZGmsAaYaintV7KHV88HOxm89iBjWhh9dGzme36L1S6yQTQflceEulFoHJhV8S1/fgnxfCyBFmP5GwtsgYJy1UC5RLc6ZInBiuA8OE3fZjbHT2Z0SETyC3QfHFvTzgzGPpTz20E, https://cofs.lara.state.mi.us/CorpWeb/CorpSearch/CorpSummary.aspx?token=nBxILn58HwVtv4JMRDwTm1cWblopjmzIgq3FCQzRMH7Z0mRAdeXC1GgdS5whUzKdhCJ3V0u1jd47905Cmga8+XGOR2eHG1wIEwlRy8PSvfiwaCtn36hCtmfaam1aR3SLTSmyypZ0vMMSpEnMVFHBXeP3qZYs3BI75NWCbspGIT1yHpT8pdW+RSw2bmLPUwunkkT6KhHFCxiE2F/f/JAwrCj2TGrq6oyQ03ziRr6gxSEkEwDET9EzzcLc9o0eH/UQFhVbc8a427MsGK3ZzK3r5Yk98iiRENEblEtCM8mqVooIGTQvd4m+I04uMgi7b5zl3oorlvRqfANXwNqzX/3uB+WcHyzAbUml, https://cofs.lara.state.mi.us/CorpWeb/CorpSearch/CorpSummary.aspx?token=nBxILn58HwVtv4JMRDwTm1cWblopjmzIgq3FCQzRMH7Z0mRAdeXC1CFsuxbhrHpl9AyihslBuCePMrB9J9pcTSYyZO5zlaKGntOfOH1v2TLUhwH9AkFOTpNNK2gHmHs6LdFK6OydeMyj8oPz3/FiEOWbnFHJIkvGJHseZsP856fXeFfZqFek5dpHInhe/slBKEnL9gBOCqVsJKQRfiiSkQ+atPZGmsAaYaintV7KHV88HOxm89iBjWhh9dGzme36L1S6yQTQflceEulFoHJhV8S1/fgnxfCyBFmP5GwtsgYJy1UC5RLc6ZInBiuA8OE3fZjbHT2Z0SETyC3QfHFvTzgzGPpTz20E, https://cofs.lara.state.mi.us/CorpWeb/CorpSearch/CorpSummary.aspx?token=nBxILn58HwVtv4JMRDwTm1cWblopjmzIgq3FCQzRMH7Z0mRAdeXC1GgdS5whUzKdhCJ3V0u1jd47905Cmga8+XGOR2eHG1wIEwlRy8PSvfiwaCtn36hCtmfaam1aR3SLTSmyypZ0vMMSpEnMVFHBXeP3qZYs3BI75NWCbspGIT1yHpT8pdW+RSw2bmLPUwunkkT6KhHFCxiE2F/f/JAwrCj2TGrq6oyQ03ziRr6gxSEkEwDET9EzzcLc9o0eH/UQFhVbc8a427MsGK3ZzK3r5Yk98iiRENEblEtCM8mqVooIGTQvd4m+I04uMgi7b5zl3oorlvRqfANXwNqzX/3uB+WcHyzAbUml, https://cofs.lara.state.mi.us/CorpWeb/CorpSearch/CorpSummary.aspx?token=nBxILn58HwVtv4JMRDwTm1cWblopjmzIgq3FCQzRMH7Z0mRAdeXC1CFsuxbhrHpl9AyihslBuCePMrB9J9pcTSYyZO5zlaKGntOfOH1v2TLUhwH9AkFOTpNNK2gHmHs6LdFK6OydeMyj8oPz3/FiEOWbnFHJIkvGJHseZsP856fXeFfZqFek5dpHInhe/slBKEnL9gBOCqVsJKQRfiiSkQ+atPZGmsAaYaintV7KHV88HOxm89iBjWhh9dGzme36L1S6yQTQflceEulFoHJhV8S1/fgnxfCyBFmP5GwtsgYJy1UC5RLc6ZInBiuA8OE3fZjbHT2Z0SETyC3QfHFvTzgzGPpTz20E, https://cofs.lara.state.mi.us/CorpWeb/CorpSearch/CorpSummary.aspx?token=nBxILn58HwVtv4JMRDwTm1cWblopjmzIgq3FCQzRMH7Z0mRAdeXC1O4Qqlh439nRIESSH+KIpoqaFNDjT8nLCMYUFGWaH34ucamr0ZWNBTKFByYhN/lhXHI/uadeyU2I0S7/glYP3m1TY8rdx4xsxy1c2eyzJJFSDBK7lxsW/pf3Mnh1OwSJ0tNRxoV1TC5JaP8yvxRXYkjUdHX4KuWhDs88ChymK6wgsIh9PLzBQ9NvmWTuhSYWkNN/nrUqIcJ1pg8NiPWTAaU4CaoWsdfxoJ+zq/Kgdec+7OtWqLsocJaYWg2S0eXbVMBVOlMQTBZElao6mpBChV2ba0jwHyhD6fSB5SlueboS, https://cofs.lara.state.mi.us/CorpWeb/CorpSearch/CorpSummary.aspx?token=nBxILn58HwVtv4JMRDwTm1cWblopjmzIgq3FCQzRMH7Z0mRAdeXC1H2LVvVjCkGYwsTK91wW/zyQjL3VwUCu2vEDqX2Y4L1uEW5zcYoRtnXiqOnhtyGv84K8sJphCFWdvitsEMMoaBuECT/HMk2V9iwyBIFSpbKlxhSWYuN311h4XK6s4d2vEjTr+A9oKwU7+tkndtUrF/+2ErcuhLukNJVFph8aWN6hHgJBLXChuI4zxgc1RtAqbd4+ZIbsg4dT0YtX4xH4jyTanI5Sp/CSSXLvSHlOKsBCtLA9bl2SYdJKZ8eZjMV4Y4Sl5f8H7NoSNNq8FlRCXphXV/2fd+4dVDjMqoL0GOSA, https://cofs.lara.state.mi.us/CorpWeb/CorpSearch/CorpSummary.aspx?token=nBxILn58HwVtv4JMRDwTm1cWblopjmzIgq3FCQzRMH7Z0mRAdeXC1ONlj+9KwJn1KFOAsgxS4nH6Px5PCVeCx56+vgauuOeBVkZNmWad0VnJchw0wJzaS6ZGIBUVdLVZsc2h+ZoNqrJhl9CKZGGEh2Z1TxcRY40J3c606bayZKHa3mK5dkN75S1+fIrajAWU0h81XhSZ0MxRLefFtu/IuqZbJDpfKeCfuk8P476RgQjGsJedE6ohb9bOYM8SBpkoAjp4rrWBj3ACEBSe9SMXT7B5IZm+acQwgoewRADhNwbvIY8w0DUS1w5x//xdLC4tGZ10n69+bEPoYoFnAE7Ht5atOf2/qqaU, https://cofs.lara.state.mi.us/CorpWeb/CorpSearch/CorpSummary.aspx?token=nBxILn58HwVtv4JMRDwTm1cWblopjmzIgq3FCQzRMH7Z0mRAdeXC1FvZAFKV92vdtu/sF62RAOZuk092HOnNNuNFeKTAStmNhgl9b4JeLp8Cz5b4K5KTPg3In9YQywVgLDBQdJuQzFwRl7uj2XTPKwT3SeQhte+5eChGd5OyPCFmQGg2iDnbRF1xXI9UOLJvl7cPQo5PMceWoYRdZZc7FeBu2SbF0bupxiGS/YuFCgL3NI+bwJ+wKYAUV6zTmBz51T9bifr8UpLbar5CcPuPkD9T+dDVEHE6oB11WvDbcnKlKxl0o0Y89ilytOFRjjTu6/lO9Q8bYMbwJMWHDhoMrgscVPRsj/C7, https://cofs.lara.state.mi.us/CorpWeb/CorpSearch/CorpSummary.aspx?token=nBxILn58HwVtv4JMRDwTm1cWblopjmzIgq3FCQzRMH7Z0mRAdeXC1DS+hCt+tXAEkMrz7YiN4IgvGnCW7Jr5VQoDFJhpHtywbLoVOPavA2O05VabjqsDMlK00xkrJcxx10S05/0Ru550SAjk0Bbw5AmXQHHo7AVbj3dJETWFwljpV/DO5abaCJ3XzlMyb6ZopeTGTo8iW1QHAvCYjGDI9TTNfN51xUQKKE3QtirAbG9zuiodchHQDUpYzj29XkmdY2pWxJQYMtSxqNPTrT3bjCojBccC5FJaIjaeFNuUDd8JRVfuq2DJqTy70Fn+0z9E5TAJc1lmra50MdFydhBpG+K2Lky2UspO, https://cofs.lara.state.mi.us/CorpWeb/CorpSearch/CorpSummary.aspx?token=nBxILn58HwVtv4JMRDwTm1cWblopjmzIgq3FCQzRMH7Z0mRAdeXC1AFbH6Ap3rIwsE4Tb8SpSfUDRWw/npCgNIEE7Gsq/PVfD/AY5zWVCgRa6fHYh+YYC9+12raCjhfP6pxgUZZ/96h0btoLk7wgAqVZ1ssY3+kGBjf6RJxmfKoYFC7crwVsUFYIf+kPCljgPTn7mOzqHTMsgPKz2WxWFkYvwY6mnFNHBS+GdlBzVUyv8supJeskKVkRW8L84EdjNLQtspIDLCfuiX/9s8u6tVInQ8VFzOkU0j6Hu17Bn8jTeHd5Jt9SBrvqitanlQxEa8r0tc2wuOupLcInkmWUrh8U5KfC9Nuz, https://cofs.lara.state.mi.us/CorpWeb/CorpSearch/CorpSummary.aspx?token=nBxILn58HwVtv4JMRDwTm1cWblopjmzIgq3FCQzRMH7Z0mRAdeXC1Hm8auDDWfdwYMp7D3dKF7INlxnJ0u7STeZ1+B/cW6iJSyBjg3uDSsWR+ic3pu5yYb5mq/s1LgxiT1vpw+TqHzm3sisr2WjAcheKq6W2JAHQEOwtgi/lgzPBp7A7sg9OdscMPmarSTOJD6ZSQMI+1nZuWSreXVfHzCH7bvYfZEBRUQyH8ksm4zNE5fFMRPv77Sjs1h/sRbQ2eOJEk/4rxLtGQhDiezafIY2tRrE91omokJEFX8iNK8hLu7UM+XigUqq75lCP57aUB4P72cnZHnktIDIuRejYnI3afXiScGYV, https://cofs.lara.state.mi.us/CorpWeb/CorpSearch/CorpSummary.aspx?token=nBxILn58HwVtv4JMRDwTm1cWblopjmzIgq3FCQzRMH7Z0mRAdeXC1FlmPoqQcAvC+OSwrQFffHJdwTCdG1dMJx9PYHKWS8wYmsWehDrRu8Lf9XUFYn7wAKfs2qyf0Ay34UBvcZpj0mXls3F7G4BaUFODhxyKTv2oD3OA15fitMY0DPQh0GPn6GY7UJRHmvgv8SsB4pbUMVdLV5EWBmGecs4S8VCGS+fEqR0Dgoamio5jDOUlSEec3bZnBtn7H9Wdt689GNLyJjgUbQk8qDlULIs83hJgQkgzfWwnbjs2b9RJsgbj3vhegASK5TyBnpVpnQvTqnA5+b/Op7FX2eig2Q97C0O8EcnN, https://cofs.lara.state.mi.us/CorpWeb/CorpSearch/CorpSummary.aspx?token=nBxILn58HwVtv4JMRDwTm1cWblopjmzIgq3FCQzRMH7Z0mRAdeXC1DV+n0kIu1v/23lz6oafEO4Ot1TcMFg3pRIHpT5g6AJCJIEcG3AIkJFJJC1I7VyJc/4DRAtwX5bCFWVK+GgSVJnkVby22+VB3iPtCBPC3qdn52gIihpfqLBnznohCa4H3t/NRTgymOw+DJU4XotrPZsOh+ULlidWJjEntYP1t+bT+yXqtua/s8virt/wCTe7OGJ5Duo03Szo4i5L7tyPPHkTz7YbRcIpUT5963ipNzgGc5CZutRO/pX4SsCSnEL5rHGnawFwShSJXitnIv4vX3wzOgk4UjNYI+tGsorWAlgV, https://cofs.lara.state.mi.us/CorpWeb/CorpSearch/CorpSummary.aspx?token=nBxILn58HwVtv4JMRDwTm1cWblopjmzIgq3FCQzRMH7Z0mRAdeXC1KwxBrQeHtgDphRf07nsWr/9f2Qg6WDcyfSk16v1zeivpsQxrLbPxCt6iONc6DfzjrqWo7OOdFXSGDjiuQUWAyYStqcRcVHKcJdyfiZX9sjAtOTO2cbrdzVHsbcEyJiR3+Nwk+LPkppxZOcvtA3ckEnvwnl0+nYh5WVJS/Un9fyAUYIJ4AEfcnseYmZok+Rj1CmHQhpzywRApLSl7XmQxHDrgpLDuhBTpYPOfxBJgio/fHnhqAweSwEva64GUNciRCiNlWAyVLYmQtm9lPMZB6P2r0TwbJd+Tbts56ucUqWc, https://cofs.lara.state.mi.us/CorpWeb/CorpSearch/CorpSummary.aspx?token=nBxILn58HwVtv4JMRDwTm1cWblopjmzIgq3FCQzRMH7Z0mRAdeXC1Io6pijr3TPqkIIr7KhePR5RSQ/dn3hXMKyNTzWJuYWyhljfxWakoqLxDWCigi7dZrrWCjwqgGTdhFz/icl+ntCktpdM1XKQAJR+gcJhaJV9C4UDvVklzOLXl5KtB3jGW6Km7AIzOZGjTFAPo314yDvlyB0/JRsFGv17O+sdXtez9/CULmjz9BSP3N58XCIkTfnYPqBDpcRWL7Lxi0gyCYG1AsNmtpZM3L7B8//eVDNpWbLrA6oVQxwhmJsQWBouxQB1KCNunfaP7WaFL75dv063e5M/22FKAdNfSsJhaL2g, https://cofs.lara.state.mi.us/CorpWeb/CorpSearch/CorpSummary.aspx?token=nBxILn58HwVtv4JMRDwTm1cWblopjmzIgq3FCQzRMH7Z0mRAdeXC1NfumKJl/fC7W5yC7YdYW9N6cv4iw9SDn0UaaKWJhc0KhWHOKvtRb75kY8PLkKnk9SDWn6OX3bI+urYIpPAaO2Xk52qTNwGYJ0T/EcpzM9W6PODJaPFdU4GV/xdwANIVh8De41puf12QPjQZHw6bh8/+LXl2Esbr4THgmmcEaqdprecoqqmcJB4OFPuMKwDt/sVSi5pk7h1DlBq8wooxGjeJhbT3d6vyTRE1D5YqOhAmM+nggzzrpHmlh2fG2MQd5GhN0b/pHSKHOe0hTEzo8/1i5JKUxP+PTivi9MdDR4iY, https://cofs.lara.state.mi.us/CorpWeb/CorpSearch/CorpSummary.aspx?token=nBxILn58HwVtv4JMRDwTm1cWblopjmzIgq3FCQzRMH7Z0mRAdeXC1P+Ssi62YVY1spWDvUSa9N7VLldhO9EyE5OP1FkTg0jPiT2m6jj8kq46LuNFSykRxVy3RTKbhPVrcscyJdWYtYY0adkP7WipZJAy6b+taiQok7vIOg2DxGMy7Njhnlcs2h1rmGm6yPBCXiw80Z4DtA2T0EoNZQ1R68JUEsSKyZbX6GSioyDTi5oG/pcl8Z5z5EuImHeJOz6iclC+twcjyvWdLGy38Np0QSrG513GMgrui5yBnmD0UglAup/9rYeacJO6KGzOkLs5I2/5mR7mE2nvFNx+Hye/hrCOllVNMIht, https://cofs.lara.state.mi.us/CorpWeb/CorpSearch/CorpSummary.aspx?token=nBxILn58HwVtv4JMRDwTm1cWblopjmzIgq3FCQzRMH7Z0mRAdeXC1PoF3/wtscrvTxOQg25xVSvu0LT385Cgp5loyTARhNVdx0N2/IYSOkPPFH9pIqDEGCh5d7uo2I34LqhOsnOQ+vXOoz4erzzBbsqtuoKxPq5Hikgv/41QUsOPePyVjjOk9fxvLWpSpftEbCub0R6emu3st6PveetP3mIluQyLzQzhoEfThjvmWePSgApZWgPR980tboXILX12xkDEjBhV0vWMqHXsPfljOfmJwNVY7psftNYSTpYci7xKLVKhJ4vfMbJI7R7xfCukVomQhqKISEVDnEnWHRHeB4yTS6bd4m+0, https://cofs.lara.state.mi.us/CorpWeb/CorpSearch/CorpSummary.aspx?token=nBxILn58HwVtv4JMRDwTm1cWblopjmzIgq3FCQzRMH7Z0mRAdeXC1BvOjOgMMgPFvILCD8zi23Luuu3WFAt6/wI5OaTjhywmtLVnV12jhxXtj1sfkQ+pQ7Tgrkxtn35RczRPX5TpZs0wODSvs1BWyDu9WgTPKDqd5u5WMnHRT3It+jx1ocIFYhu0/dZFPzAwurA60MC3nqBcPV0NySdpaNBtEDJYsEto9oNDNXWmWgi8igITkdL2iXqAIcXGiRWlVVMeQAvI7O63RyoGfU1ptt7OmBO8Cdl/QlW8efJWX6ZjSXJ/X0g+kWl4/h9jHMS5aNq5SIVrF9pYQwxcehMBs5KDe4aeodT8, https://cofs.lara.state.mi.us/CorpWeb/CorpSearch/CorpSummary.aspx?token=nBxILn58HwVtv4JMRDwTm1cWblopjmzIgq3FCQzRMH7Z0mRAdeXC1NREkV92IqEfF//PiDNvETdNmGM5iudhrjkh05bJR7lW+jYsRgXOgW3G1lPv91ga7d72e7LACFpflwcd1gQufqdxk88vJc1MtjrLklm0M5DRn0mUhUy+X0NoVHlYqITfczHLhLba2heiTAIWdo/ph9aTVajHJzuQA2DWIzTRljKD6pgAiabwcCJSME6lwNRD+SEJrvTe2mxZQrzPWmSZgRmB6kHjjtZBXEsktf8Vxnb48oRlxYkVTqc+SS7pUZCrI9cVCYpRiXNCwAPvk2DyOBXrpf0qmnAyhkII0n2JjzrW, https://cofs.lara.state.mi.us/CorpWeb/CorpSearch/CorpSummary.aspx?token=nBxILn58HwVtv4JMRDwTm1cWblopjmzIgq3FCQzRMH7Z0mRAdeXC1PWsDml9e/0ob8NLhqgTVmmIg1TWVfO3iv+GZOkaOO2ren3OnXmqhcvF/K3CnDiFgVxGkNLd6eLKiGtNhVuWr6eO5SEgI0BkKtrecpo2PX9oqSbMuGGjBFlema31ncnGa6yAmRihh7wJOUxhojZvjGNAI7l+zpPctx1hshLxAx5q6jkurIZ3eUNLTkmgRyPXPZBuhywU7ZpQdPxGfQesT/cXspDDSPn8/aj0CQr/ZITdB2TboqMg1kVlS/QBbscwB39PFvDob5DQy5BcrT2rJ2VOhyLm/KPscjz8unVoNxz3",,,(313) 343-1545,,,,,,,,,,US,https://cofs.lara.state.mi.us/CorpWeb/CorpSearch/CorpSummary.aspx?token=nBxILn58HwVtv4JMRDwTm1cWblopjmzIgq3FCQzRMH7Z0mRAdeXC1G6s7l1PJJpWT2xF9SzuRSeH+aamFE5rWBrNcdWHuXsc3xMCKJRgchKfLFiQD+ktviYHoOwLsiz2u6H6S7XEz6MCaWIyIggbeEGdYRDX3cWic4hSZ08Kv08Z3Y7m+JSIy75Qn4ZwXimEQh83E+vLEsMIWw6y8KCG5fV2VCWjopPfZRD3NQ6Q7Ub80MINccNbYTf1A8hYrhpYsf+A09w41UmnuYeFkb4kr0X4yc3IFr4lGXlFBr/jMdkdTVpOGlE55iMsU6BfyoBCUSCq6+jVVULxJT5CxUjE6UcI5ssgKP74,ACME 17 MI
Parker's Heating and Cooling,No results found,No results found,,,(313) 410-6189,,,,,,,,,,US,No link found,No entity found
Rite-Temp Refrigeration,No results found,No results found,,,(734) 716-1810,,,,,,,,,,US,No link found,No entity found
Dion Mechanical Solutions,DION MECHANICAL SOLUTIONS INC.,https://cofs.lara.state.mi.us/CorpWeb/CorpSearch/CorpSummary.aspx?token=nBxILn58HwVtv4JMRDwTm1cWblopjmzIgq3FCQzRMH7Z0mRAdeXC1IVRaoIzvC75PQjA6EZNav0Q8Z2m61ldEZHblVt4UpmkUqWVdCdpDbUnxtOiepNPlR66wJlNvxaVS5RL0wmiyyslfDvLWr6MUVPHIBXjygKnz39wXBFeDt07vNwjx+Rb+SQ+MjIlXR942x2mctoRrgYeVB/zde/znA8wbRoTCVWH9AP493+1XpYWk0rY5ZG+wS3VNWXCoJANIcy1If3HCs7fmgi+70XdQRqrOw9wWp0+ClejKVbE7aF0ydZwy0l3E6VUUufAf0WIvJB0SorX7HMzVUUi1zvAVRa2Aye2JNU4,,,(734) 205-7623,,,,,,,,,,US,https://cofs.lara.state.mi.us/CorpWeb/CorpSearch/CorpSummary.aspx?token=nBxILn58HwVtv4JMRDwTm1cWblopjmzIgq3FCQzRMH7Z0mRAdeXC1IVRaoIzvC75PQjA6EZNav0Q8Z2m61ldEZHblVt4UpmkUqWVdCdpDbUnxtOiepNPlR66wJlNvxaVS5RL0wmiyyslfDvLWr6MUVPHIBXjygKnz39wXBFeDt07vNwjx+Rb+SQ+MjIlXR942x2mctoRrgYeVB/zde/znA8wbRoTCVWH9AP493+1XpYWk0rY5ZG+wS3VNWXCoJANIcy1If3HCs7fmgi+70XdQRqrOw9wWp0+ClejKVbE7aF0ydZwy0l3E6VUUufAf0WIvJB0SorX7HMzVUUi1zvAVRa2Aye2JNU4,DION MECHANICAL SOLUTIONS INC.
EZB Air,No results found,No results found,,,(248) 437-4844,,,,,,,,,,US,No link found,No entity found
Novoa’s Services,NOVOA'S SERVICES LLC,https://cofs.lara.state.mi.us/CorpWeb/CorpSearch/CorpSummary.aspx?token=nBxILn58HwVtv4JMRDwTm1cWblopjmzIgq3FCQzRMH7Z0mRAdeXC1CKwPrfR2HwbI4gnOoEFY015yPBeI/PcbLwDWs9YBE/7jHxEU19XPIQdwLxMUqJwGzN8TzU1T19MnuTAAcc5SRNYEjtPZtnu96Fe5C7SwOMuDk/aXyRvIu3rKJDExxLa/omIB8auiIYuuGOsEvsRZkJV9H95yTNUQSQD4Tco3rOnJRDxRGv1Ytj61cEee5415SQ5sw4Q2slGk7Wf1ESBSwRrLUA3rhP9PJpre+so0CCrE5qV+vEgpiTp9V+ig6tGeyIbNNmDZrXaVWNSBRcmnAvC4qqXjXe8Uff5QmZDGlac,,,(678) 887-4942,,,,,,,,,,US,https://cofs.lara.state.mi.us/CorpWeb/CorpSearch/CorpSummary.aspx?token=nBxILn58HwVtv4JMRDwTm1cWblopjmzIgq3FCQzRMH7Z0mRAdeXC1CKwPrfR2HwbI4gnOoEFY015yPBeI/PcbLwDWs9YBE/7jHxEU19XPIQdwLxMUqJwGzN8TzU1T19MnuTAAcc5SRNYEjtPZtnu96Fe5C7SwOMuDk/aXyRvIu3rKJDExxLa/omIB8auiIYuuGOsEvsRZkJV9H95yTNUQSQD4Tco3rOnJRDxRGv1Ytj61cEee5415SQ5sw4Q2slGk7Wf1ESBSwRrLUA3rhP9PJpre+so0CCrE5qV+vEgpiTp9V+ig6tGeyIbNNmDZrXaVWNSBRcmnAvC4qqXjXe8Uff5QmZDGlac,NOVOA'S SERVICES LLC
Onnit Heating and Cooling,ONNIT HEATING AND COOLING LLC,https://cofs.lara.state.mi.us/CorpWeb/CorpSearch/CorpSummary.aspx?token=nBxILn58HwVtv4JMRDwTm1cWblopjmzIgq3FCQzRMH7Z0mRAdeXC1HwYBiR//OM3S4k1Fl3tOkmLql4bxUNWwDmTT/+3IikRFhwpMx0KZ5tKaOwbCqLlejL60sDv6ZqLIQiqCAx4f4ydWLPGacXoX+p34TC0Mjg/ONOkXvZ4Oo1rxoMN/tLRqYNXmY9qxY3PF/X/DXa8wwhXcAoOSHMp1RvBXRc73pudT8hF6IKH0TI11aFN//IrVLg4qatNO7Zs5B62y7xtl107Inm/Pb0EqWEvaOjnFEJuMBS+3Y06BOHAlOZnhkw7SjW6acTWrSGT6yma087EaIbxdmVKrxijxZS54ZkTUlgk,,,(734) 722-5761,,,,,,,,,,US,https://cofs.lara.state.mi.us/CorpWeb/CorpSearch/CorpSummary.aspx?token=nBxILn58HwVtv4JMRDwTm1cWblopjmzIgq3FCQzRMH7Z0mRAdeXC1HwYBiR//OM3S4k1Fl3tOkmLql4bxUNWwDmTT/+3IikRFhwpMx0KZ5tKaOwbCqLlejL60sDv6ZqLIQiqCAx4f4ydWLPGacXoX+p34TC0Mjg/ONOkXvZ4Oo1rxoMN/tLRqYNXmY9qxY3PF/X/DXa8wwhXcAoOSHMp1RvBXRc73pudT8hF6IKH0TI11aFN//IrVLg4qatNO7Zs5B62y7xtl107Inm/Pb0EqWEvaOjnFEJuMBS+3Y06BOHAlOZnhkw7SjW6acTWrSGT6yma087EaIbxdmVKrxijxZS54ZkTUlgk,ONNIT HEATING AND COOLING LLC
Detroit Heating and Cooling Co,DETROIT HEATING AND COOLING CO,https://cofs.lara.state.mi.us/CorpWeb/CorpSearch/CorpSummary.aspx?token=nBxILn58HwVtv4JMRDwTm1cWblopjmzIgq3FCQzRMH7Z0mRAdeXC1Fk8Vfb9Dlo50OADSxlekgeje0gvF5RaawBwNhNkAtr5ILp9OrMNKTkOpFRlyEsR15cG7W4Mc8hEDirhVxy24Ay9WULfoIsJeq5oS1zKyLEy92Fz1yuL2WJ/FecP1iMonGXpYMhYA/zwN6LCynEqtdRdzQJIt6oON0rIH6VDKAnrPrC1P9aa5/NAna6cJoXzJASMZY+gUcl/bGn1njpyBENSi2sJwAEzR+oUEfWKU9v2j/jgC5Cpohlev9KVh6bYDrZQKggqOxLV5WHmLf+FTRT9Vp2IUSblHMTy7yKed3TW,,,(248) 340-3609,,,,,,,,,,US,https://cofs.lara.state.mi.us/CorpWeb/CorpSearch/CorpSummary.aspx?token=nBxILn58HwVtv4JMRDwTm1cWblopjmzIgq3FCQzRMH7Z0mRAdeXC1Fk8Vfb9Dlo50OADSxlekgeje0gvF5RaawBwNhNkAtr5ILp9OrMNKTkOpFRlyEsR15cG7W4Mc8hEDirhVxy24Ay9WULfoIsJeq5oS1zKyLEy92Fz1yuL2WJ/FecP1iMonGXpYMhYA/zwN6LCynEqtdRdzQJIt6oON0rIH6VDKAnrPrC1P9aa5/NAna6cJoXzJASMZY+gUcl/bGn1njpyBENSi2sJwAEzR+oUEfWKU9v2j/jgC5Cpohlev9KVh6bYDrZQKggqOxLV5WHmLf+FTRT9Vp2IUSblHMTy7yKed3TW,DETROIT HEATING AND COOLING CO
Advanced Home Services,"ADVANCED HOME SERVICES, ADVANCED HOME SERVICES LLC, AD-VANCE-D HOME SERVICES LLC","https://cofs.lara.state.mi.us/CorpWeb/CorpSearch/CorpSummary.aspx?token=nBxILn58HwVtv4JMRDwTm1cWblopjmzIgq3FCQzRMH7Z0mRAdeXC1A5YAuNOLnzTGgvjQXgMuGSwfh5vw+b2LkEZL4Gek99YXkaqu7r8AB/6LKOG8qBUGLjCuSrzoVFEv2iRBR6PG3OwXO7Qs+J/+pIHJtBRgQZYT2UhLlisKXuhA11d7MYvwJCORpEOj76UDSEic41IHwMkK/eZhai16wNoYTIw2FuCfYkNaNcJf9z69rcsMJa1PS/EUVHwMzqZwcWId0wsRqfWVjsCVOyVB5V4Tcwd7QcsoNUuaIAtcUqwJLBbM7Lf3TfnzZcDhYwMwjFazTZRjjTxeNGbj/edsdOgzHilKn2w, https://cofs.lara.state.mi.us/CorpWeb/CorpSearch/CorpSummary.aspx?token=nBxILn58HwVtv4JMRDwTm1cWblopjmzIgq3FCQzRMH7Z0mRAdeXC1GfO2vpIUdLMUe5k+xMBFfF5SQfmAxfisnxfF8Sc+fh/KlEXAu2rlq4oett1PJJE7mYROYSfZagECxiDAHF50j4WJJ7dVJZ/uTxCDcaZsNhp5X6JQfY88/8uhQyvYXGKGL5cAMn6y/OPcmVDFeHVVgwweeEZTBCECIPnrxtyVnUQfvOrZgwiq3GLPRqjWMvXF2j0gE6FkJFYHvnAHHpLe/pMAgJ0TDxtL/F27W7Zz3GBVFFKTCEDSPHLta9xmaLN5zgV5r6ZhwHQvdJ46s6McBcFHp8F8AcOVHV6u//Rxusr, https://cofs.lara.state.mi.us/CorpWeb/CorpSearch/CorpSummary.aspx?token=nBxILn58HwVtv4JMRDwTm1cWblopjmzIgq3FCQzRMH7Z0mRAdeXC1NE2WanUtMvJrAWPm8CaH1+GieNOkEseX1YmgVhOCRB883in117yG+2wc4a4nfyYeKmadxCJV9W/h2sYRRqeQUkXgb1/mu5N7eL5koSm3XRVvKwxTMsI4eVigDt4Ww20M0S7zCbG70QeYY3Mwcup3/dhJJ0foe6efLaEJOLAOZkI1FYqltLTUKRutj/13hhwvE2BkcWfi0r2NgzwKSwrAycEI2Ci6E2ci8WoYdz7VOKTeFXWqnRxhMCI2a+WL3/TTjFpRT/h2xRZkNENjlBVrU+NhvH0LzzrdAnznMDLqKyM",,,(734) 604-3230,,,,,,,,,,US,https://cofs.lara.state.mi.us/CorpWeb/CorpSearch/CorpSummary.aspx?token=nBxILn58HwVtv4JMRDwTm1cWblopjmzIgq3FCQzRMH7Z0mRAdeXC1A5YAuNOLnzTGgvjQXgMuGSwfh5vw+b2LkEZL4Gek99YXkaqu7r8AB/6LKOG8qBUGLjCuSrzoVFEv2iRBR6PG3OwXO7Qs+J/+pIHJtBRgQZYT2UhLlisKXuhA11d7MYvwJCORpEOj76UDSEic41IHwMkK/eZhai16wNoYTIw2FuCfYkNaNcJf9z69rcsMJa1PS/EUVHwMzqZwcWId0wsRqfWVjsCVOyVB5V4Tcwd7QcsoNUuaIAtcUqwJLBbM7Lf3TfnzZcDhYwMwjFazTZRjjTxeNGbj/edsdOgzHilKn2w,ADVANCED HOME SERVICES
SCW Services,"SCW SERVICES LLC, SCW SERVICES, LLC","https://cofs.lara.state.mi.us/CorpWeb/CorpSearch/CorpSummary.aspx?token=nBxILn58HwVtv4JMRDwTm1cWblopjmzIgq3FCQzRMH7Z0mRAdeXC1AACcFgh3Rnqg++hPB+iRADG0uHce1bbWScH3IwdKX0MOOy8+B1yV/HknaWk1p0AUTcGRgD5ShYy2F83qfy6kvIB1tS03pt1iCUzA2OHx9KJ3ff3rLjDqQ/Avf8ib0kR7X1cW5Qcwfla8IZbWKC5N0FSKdethcW+gfOzrqJ6ex81NgoMTQ3hZpnr0N7L5JkJhTkBOW57qi6/V01V8td0sIss2kzC66co7bM2bCe4nOmnvPapRZ3FD1IcIbzf0yxeg/3mR3I7bjiKX3i/8g83UsMl40Bq8LyL5sKOjv2llwC2, https://cofs.lara.state.mi.us/CorpWeb/CorpSearch/CorpSummary.aspx?token=nBxILn58HwVtv4JMRDwTm1cWblopjmzIgq3FCQzRMH7Z0mRAdeXC1IG8tTiiDMi2OIj4UFTf9XKQO6LyEmHKvOqnvWrKyBTzdEONzDODCSU9+XNLgsjnEPfTblfmS6hl1uSjC/wrRvd+EvN2l7fFAxBHLyz/wUtSq5cwP7pi/Zt3+L53BntSUVkqMG/Bul3mGcCf5TX/lemaP0r2TL45IGT05pY4vtHzvjDbsJqSFYeYgZ03cgIontKo5bbfWA+ogtTsp7Nk0pIO0yvIvlm5bEp0wmJcR2wr0TIW9DYrJRxSHikncvv0mN48rTsSUnXG8g5MpWWl7rP4bJSt0gwMp3l2Zm7ymByd",,,(734) 693-4210,,,,,,,,,,US,https://cofs.lara.state.mi.us/CorpWeb/CorpSearch/CorpSummary.aspx?token=nBxILn58HwVtv4JMRDwTm1cWblopjmzIgq3FCQzRMH7Z0mRAdeXC1AACcFgh3Rnqg++hPB+iRADG0uHce1bbWScH3IwdKX0MOOy8+B1yV/HknaWk1p0AUTcGRgD5ShYy2F83qfy6kvIB1tS03pt1iCUzA2OHx9KJ3ff3rLjDqQ/Avf8ib0kR7X1cW5Qcwfla8IZbWKC5N0FSKdethcW+gfOzrqJ6ex81NgoMTQ3hZpnr0N7L5JkJhTkBOW57qi6/V01V8td0sIss2kzC66co7bM2bCe4nOmnvPapRZ3FD1IcIbzf0yxeg/3mR3I7bjiKX3i/8g83UsMl40Bq8LyL5sKOjv2llwC2,SCW SERVICES LLC
Walker Family Heating & Cooling,WALKER FAMILY HEATING AND COOLING LLC.,https://cofs.lara.state.mi.us/CorpWeb/CorpSearch/CorpSummary.aspx?token=nBxILn58HwVtv4JMRDwTm1cWblopjmzIgq3FCQzRMH7Z0mRAdeXC1Bc/QbvEKg35eBxYzD0N5MgFhKCh3WkbcwqMyrwdPzetev4Fi//Ndd9nkfNOTMdTUTN7t0F9VngHpmeDTUQ1Q2Em0wvWApkWzT3C/Wb84uX4c2eJ7IzNYLAx6bQUq0pdi1bSOa5VKPiUYxEiA8sCG8FQuOm3/lzy2nEyyKNXFuay66hTjss8hg8lWOSfW1LoFITVLxdtKIFpSEi26ZDQtk7yb5uYic3RvcoYfFG0N2OkwdUhCBRT+N1QVXbA9cvEyXKenBD2hfKP25NC1/p8P9bAMoHbtv0p6S5gJst6vWrA,,,(517) 888-3007,,,,,,,,,,US,https://cofs.lara.state.mi.us/CorpWeb/CorpSearch/CorpSummary.aspx?token=nBxILn58HwVtv4JMRDwTm1cWblopjmzIgq3FCQzRMH7Z0mRAdeXC1Bc/QbvEKg35eBxYzD0N5MgFhKCh3WkbcwqMyrwdPzetev4Fi//Ndd9nkfNOTMdTUTN7t0F9VngHpmeDTUQ1Q2Em0wvWApkWzT3C/Wb84uX4c2eJ7IzNYLAx6bQUq0pdi1bSOa5VKPiUYxEiA8sCG8FQuOm3/lzy2nEyyKNXFuay66hTjss8hg8lWOSfW1LoFITVLxdtKIFpSEi26ZDQtk7yb5uYic3RvcoYfFG0N2OkwdUhCBRT+N1QVXbA9cvEyXKenBD2hfKP25NC1/p8P9bAMoHbtv0p6S5gJst6vWrA,WALKER FAMILY HEATING AND COOLING LLC.
Ches Services,No results found,No results found,,,(313) 683-4010,,,,,,,,,,US,No link found,No entity found
Dion's Complete Plumbing Heating & Cooling,"DION'S COMPLETE PLUMBING, HEATING, & COOLING LLC",https://cofs.lara.state.mi.us/CorpWeb/CorpSearch/CorpSummary.aspx?token=nBxILn58HwVtv4JMRDwTm1cWblopjmzIgq3FCQzRMH7Z0mRAdeXC1M8eWnpzw7p580HKFBzKVSXfmJ2Yf4h7mPh7KtVuJoWXGY7glikcQwdOsP94YeeGu/wly3x5kb73FNbncl8cIQROWI6rZeJadfVro+uGnwz8ilIj724urQWjhrasEKallCaUZ8l3I5Qeh/8Ehqa/jUa8PjZyxiUqsKur3O70FUn/bjyzSIifZWRSquPhatZ9XnzG3+XFSb8k5RGRJ68PIbmY1wI2JLZ/QD6eXF21UG0usgV7p1nfex6EitJnbVsb6EKEVhL0qcx1LxyVzJJt2d/cFtiY/X+sN9IrH7Ko2ct6,,,(734) 800-3820,,,,,,,,,,US,https://cofs.lara.state.mi.us/CorpWeb/CorpSearch/CorpSummary.aspx?token=nBxILn58HwVtv4JMRDwTm1cWblopjmzIgq3FCQzRMH7Z0mRAdeXC1M8eWnpzw7p580HKFBzKVSXfmJ2Yf4h7mPh7KtVuJoWXGY7glikcQwdOsP94YeeGu/wly3x5kb73FNbncl8cIQROWI6rZeJadfVro+uGnwz8ilIj724urQWjhrasEKallCaUZ8l3I5Qeh/8Ehqa/jUa8PjZyxiUqsKur3O70FUn/bjyzSIifZWRSquPhatZ9XnzG3+XFSb8k5RGRJ68PIbmY1wI2JLZ/QD6eXF21UG0usgV7p1nfex6EitJnbVsb6EKEVhL0qcx1LxyVzJJt2d/cFtiY/X+sN9IrH7Ko2ct6,"DION'S COMPLETE PLUMBING, HEATING, & COOLING LLC"
Ameripro Heating and Cooling,AMERIPRO HEATING AND COOLING LLC,https://cofs.lara.state.mi.us/CorpWeb/CorpSearch/CorpSummary.aspx?token=nBxILn58HwVtv4JMRDwTm1cWblopjmzIgq3FCQzRMH7Z0mRAdeXC1B8JGGkdqhbxhijxhedmhMv+UwJUUtKOqIeHPxjk5U7u4k3JZVACKYQwBGI0CeAv9NhKSfQH8STYP1226ZzwpDikgF4iwzK7sZ0LDbM4WnVq+6C4p9IPtGI+x/du8DTBYvGv1kGdOwko5e/3ad4HPwyVqHmhERPox5EnsLdeXJrOsQlgK/5+XDeqcM3InHj4s258xKsrmUXwE/5OjeutbUJtX1gRTxwlzrZt0yWitFJupEOnKYW9vNARcxoBhgSJwEqOTC7nss1srT900hR2b0yXs6PwaAkqcjeIV48bHeGH,,,(734) 276-4067,,,,,,,,,,US,https://cofs.lara.state.mi.us/CorpWeb/CorpSearch/CorpSummary.aspx?token=nBxILn58HwVtv4JMRDwTm1cWblopjmzIgq3FCQzRMH7Z0mRAdeXC1B8JGGkdqhbxhijxhedmhMv+UwJUUtKOqIeHPxjk5U7u4k3JZVACKYQwBGI0CeAv9NhKSfQH8STYP1226ZzwpDikgF4iwzK7sZ0LDbM4WnVq+6C4p9IPtGI+x/du8DTBYvGv1kGdOwko5e/3ad4HPwyVqHmhERPox5EnsLdeXJrOsQlgK/5+XDeqcM3InHj4s258xKsrmUXwE/5OjeutbUJtX1gRTxwlzrZt0yWitFJupEOnKYW9vNARcxoBhgSJwEqOTC7nss1srT900hR2b0yXs6PwaAkqcjeIV48bHeGH,AMERIPRO HEATING AND COOLING LLC
Motown Mechanical Heating and Cooling,MOTOWN MECHANICAL HEATING AND COOLING LLC,https://cofs.lara.state.mi.us/CorpWeb/CorpSearch/CorpSummary.aspx?token=nBxILn58HwVtv4JMRDwTm1cWblopjmzIgq3FCQzRMH7Z0mRAdeXC1CQUgZLljPiscIyp1hy4v5QhcVCQjkdtOha6iPCyoKg8bQCYbjRDi8YtetDly/Ua9ZibCd0Yq27bLAIKNeUObY6uptynN46BKEtvORCRnytNRhDPu70RfB5Yba3nw3h1j++NPHu+GI43u/Z0nsr2StpA71SCWRLz/0mtZQ0glQXC6AzA2SWFfonLDdLZpH7EqT9aDgP0ve/BbdjWiSCGx1dxtc2ccXPZs/CrVUNGdtePDE71b4cwxeY17NlPeirVcjY8nPLGwuZf3jjDa7UdMVyafqX4HDxHnADpNfqLF4na,,,(734) 833-8036,,,,,,,,,,US,https://cofs.lara.state.mi.us/CorpWeb/CorpSearch/CorpSummary.aspx?token=nBxILn58HwVtv4JMRDwTm1cWblopjmzIgq3FCQzRMH7Z0mRAdeXC1CQUgZLljPiscIyp1hy4v5QhcVCQjkdtOha6iPCyoKg8bQCYbjRDi8YtetDly/Ua9ZibCd0Yq27bLAIKNeUObY6uptynN46BKEtvORCRnytNRhDPu70RfB5Yba3nw3h1j++NPHu+GI43u/Z0nsr2StpA71SCWRLz/0mtZQ0glQXC6AzA2SWFfonLDdLZpH7EqT9aDgP0ve/BbdjWiSCGx1dxtc2ccXPZs/CrVUNGdtePDE71b4cwxeY17NlPeirVcjY8nPLGwuZf3jjDa7UdMVyafqX4HDxHnADpNfqLF4na,MOTOWN MECHANICAL HEATING AND COOLING LLC
Mike O’s Handy Pros,MIKE. O'S HANDY PROS LLC,https://cofs.lara.state.mi.us/CorpWeb/CorpSearch/CorpSummary.aspx?token=nBxILn58HwVtv4JMRDwTm1cWblopjmzIgq3FCQzRMH7Z0mRAdeXC1PKhRDUPWvf/XB5A5trvLR5kN1Am7X24d/PoYmuzDf0X3ree/QGJdbhvl9Un5kjMFPLGdUXPCyqDVaAfKSmHjvxbtpA1NFrtq72P8fR9NKELWnIxAtAOcPeI8pn2zduKLEUuaGdzMUtVKTaKbm7KAjK65q82Ph81TdMR79+U60zmMumRovmxhHoOc2gTafxrMP7WHUg5LH/LNNfi0f+iztegntimOJPdinShw6gqfmqgNKBS3T8PEK40sFNQLHcgnuWlbaq5LP8RSI5snHVKhKSPs5QBvSBviageUVqkzQQF,,,(313) 465-4944,,,,,,,,,,US,https://cofs.lara.state.mi.us/CorpWeb/CorpSearch/CorpSummary.aspx?token=nBxILn58HwVtv4JMRDwTm1cWblopjmzIgq3FCQzRMH7Z0mRAdeXC1PKhRDUPWvf/XB5A5trvLR5kN1Am7X24d/PoYmuzDf0X3ree/QGJdbhvl9Un5kjMFPLGdUXPCyqDVaAfKSmHjvxbtpA1NFrtq72P8fR9NKELWnIxAtAOcPeI8pn2zduKLEUuaGdzMUtVKTaKbm7KAjK65q82Ph81TdMR79+U60zmMumRovmxhHoOc2gTafxrMP7WHUg5LH/LNNfi0f+iztegntimOJPdinShw6gqfmqgNKBS3T8PEK40sFNQLHcgnuWlbaq5LP8RSI5snHVKhKSPs5QBvSBviageUVqkzQQF,MIKE. O'S HANDY PROS LLC
Blevins And Stamm Hvac,No results found,No results found,,,(586) 438-1739,,,,,,,,,,US,No link found,No entity found
Home Service - HVAC,No results found,No results found,,,(800) 560-2713,,,,,,,,,,US,No link found,No entity found
Fallert Heating & Cooling,FALLERT HEATING AND COOLING INC.,https://cofs.lara.state.mi.us/CorpWeb/CorpSearch/CorpSummary.aspx?token=nBxILn58HwVtv4JMRDwTm1cWblopjmzIgq3FCQzRMH7Z0mRAdeXC1KeL1MgJWDfprtiyQAaxXZDUAGod6jXdPnY5rPP66l7VShaiXPp3g2OEwTmkYELyToyhhPAbgV1RYN+0NfNjWH3H4fu/BuXVaMGsOOgsmHWqYf9zyYkRgAtBFbzdVYA9zoTBqUxbvGagtDuQINjTGcqJSMkdM6sSVIXB0QRZ2dW/blet+pgn6K+n+KKJhr1s3TpYErBAKpZVZ9IlVOrqApp7kg1NFcbqxK+B9/BhEYI33dGkVaUwnQqUmVGBM8SbmL+wuIwD6mto17p6trVY16+LNvu01YJBqDV1hKsa1l5B,,,(248) 437-9977,,,,,,,,,,US,https://cofs.lara.state.mi.us/CorpWeb/CorpSearch/CorpSummary.aspx?token=nBxILn58HwVtv4JMRDwTm1cWblopjmzIgq3FCQzRMH7Z0mRAdeXC1KeL1MgJWDfprtiyQAaxXZDUAGod6jXdPnY5rPP66l7VShaiXPp3g2OEwTmkYELyToyhhPAbgV1RYN+0NfNjWH3H4fu/BuXVaMGsOOgsmHWqYf9zyYkRgAtBFbzdVYA9zoTBqUxbvGagtDuQINjTGcqJSMkdM6sSVIXB0QRZ2dW/blet+pgn6K+n+KKJhr1s3TpYErBAKpZVZ9IlVOrqApp7kg1NFcbqxK+B9/BhEYI33dGkVaUwnQqUmVGBM8SbmL+wuIwD6mto17p6trVY16+LNvu01YJBqDV1hKsa1l5B,FALLERT HEATING AND COOLING INC.
Jesus Duct Care & HVAC,No results found,No results found,,,(734) 530-3292,,,,,,,,,,US,No link found,No entity found
Repair Lennox HVAC Systems,No results found,No results found,,,(734) 366-1933,,,,,,,,,,US,No link found,No entity found
Flashing Heating & Cooling Repair,No results found,No results found,,,(734) 447-5214,,,,,,,,,,US,No link found,No entity found
Flying Heating & Cooling Repair,No results found,No results found,,,(810) 206-2836,,,,,,,,,,US,No link found,No entity found
Certa HVAC Repair Company,,,,,(517) 701-3282,,,,,,,,,,US,,
Ann Arbor Heating & Cooling,,,,,(734) 929-0600,,,,,,,,,,US,,
Advanced Attic Solutions Ann Arbor,,,,,(855) 217-0249,,,,,,,,,,US,,
A1 Attic Insulation Company Ann Arbor,,,,,(855) 357-9434,,,,,,,,,,US,,
SOS Attic Cleaners Ann Arbor,,,,,(877) 480-8176,,,,,,,,,,US,,
SOS Attic Masters Ann Arbor,,,,,(877) 635-9154,,,,,,,,,,US,,
Attic Control Ann Arbor,,,,,(855) 348-2267,,,,,,,,,,US,,
Loyal Attic Insulation Ann Arbor,,,,,(855) 553-2797,,,,,,,,,,US,,
SOS Attic Insulation Services Ann Arbor,,,,,(877) 472-9861,,,,,,,,,,US,,
Elite Attic Services Ann Arbor,,,,,(855) 627-1492,,,,,,,,,,US,,
Legacy Top Attic Services Ann Arbor,,,,,(855) 627-3031,,,,,,,,,,US,,
I D C Heating & Cooling,,,,,(734) 668-4131,,,,,,,,,,US,,
Repair Carrier HVAC Systems HVAC,,,,,(734) 316-8493,,,,,,,,,,US,,
Free Estimates Cooling,,,,,(734) 205-9513,,,,,,,,,,US,,
Lamkin Heating,,,,,(734) 484-3624,,,,,,,,,,US,,
Paul Robrtson Heating Saline,,,,,(734) 429-7295,,,,,,,,,,US,,
Jamnick Plumbing & Heating Inc,,,,,(734) 434-4023,,,,,,,,,,US,,
Saline Plumbing And Heating,,,,,(734) 944-4700,,,,,,,,,,US,,
Clear Advantage Mechanical,,,,,(616) 520-5884,,,,,,,,,,US,,
Residence Inn by Marriott Grand Rapids Downtown,,,,,(616) 776-5905,,,,,,,,,,US,,
Cook's Plumbing Heating & Cooling,,,,,(616) 589-4095,,,,,,,,,,US,,
Innovative Comfort & Energy Solutions,,,,,(616) 291-0756,,,,,,,,,,US,,
Brinker Mechanical Services,,,,,(616) 878-0229,,,,,,,,,,US,,
Total Comfort Resource,,,,,(616) 406-3182,,,,,,,,,,US,,
Evans Tempcon,,,,,(616) 361-2681,,,,,,,,,,US,,
Ruiter Heating & Cooling,,,,,(231) 733-8449,,,,,,,,,,US,,
Mac's Heating & Cooling,,,,,(616) 895-9090,,,,,,,,,,US,,
"Merkle & Company, Inc (MW36)",,,,,(248) 766-2750,,,,,,,,,,US,,
Accurate Heating & Cooling,,,,,(616) 885-4584,,,,,,,,,,US,,
Star Furnace Repair,,,,,(616) 256-0590,,,,,,,,,,US,,
Grand Rapids Air Conditioning Service & Repair,,,,,(616) 228-4216,,,,,,,,,,US,,
GLCCB REYES Coca-Cola Bottling,,,,,(616) 458-4536,,,,,,,,,,US,,
GRR PIPE,,,,,(616) 247-0307,,,,,,,,,,US,,
Central States Property,,,,,(616) 456-8561,,,,,,,,,,US,,
Premier Grand Rapids AC Repair & Cleaning Services,,,,,(616) 333-5703,,,,,,,,,,US,,
Cuello Air Conditioning & Refrigeration Service & Repair,,,,,(621) 748-3710,,,,,,,,,,US,,
AC Hotel by Marriott Grand Rapids Downtown,,,,,(616) 776-3200,,,,,,,,,,US,,
Michigan Heating & Cooling,,,,,(616) 538-7260,,,,,,,,,,US,,
Stienstra Heating & Cooling,,,,,(616) 258-2377,,,,,,,,,,US,,
Jarosch Heating & Cooling,,,,,(616) 552-1885,,,,,,,,,,US,,
Interstate Heating & Cooling,,,,,(616) 677-3500,,,,,,,,,,US,,
HVAC Grand Rapids,,,,,(616) 777-5199,,,,,,,,,,US,,
Thomas Heating and Cooling,,,,,(616) 988-2191,,,,,,,,,,US,,
Elite Indoor Comfort,,,,,(616) 538-4818,,,,,,,,,,US,,
Complete Air Services Heating & Cooling,,,,,(616) 878-1884,,,,,,,,,,US,,
Kyle Fischer Appliance Tech & Handyman,,,,,(616) 886-8029,,,,,,,,,,US,,
K & K Mechanical,,,,,(269) 447-7381,,,,,,,,,,US,,
Lakeshore Plumbing & Heating,,,,,(231) 861-7333,,,,,,,,,,US,,
Loc Heating & Cooling,,,,,(616) 583-0299,,,,,,,,,,US,,
Ace Appliance,,,,,(616) 206-0639,,,,,,,,,,US,,
Ramos Heating & Cooling,,,,,(616) 452-0020,,,,,,,,,,US,,
Cnc Appliance Repair,,,,,(616) 389-0344,,,,,,,,,,US,,
B Ph Mechanical Services,,,,,(616) 957-4470,,,,,,,,,,US,,
Heating Contractor Grand Rapids,,,,,(866) 214-9326,,,,,,,,,,US,,
Comfort Masters Heating & Air Conditioning,,,,,(616) 988-1560,,,,,,,,,,US,,
Air Technology Heating and Cooling,,,,,(616) 238-5365,,,,,,,,,,US,,
A1 Aafordable Air Conditioning & Heating,,,,,(616) 890-0319,,,,,,,,,,US,,
Perfectly Square Construction,,,,,(616) 608-2752,,,,,,,,,,US,,
Kris Kobylarz Heating and Cooling,,,,,(989) 334-5877,,,,,,,,,,US,,
Jp Quality Services,,,,,(616) 888-5661,,,,,,,,,,US,,
K&P Mechanical,,,,,(616) 325-4569,,,,,,,,,,US,,
Servicefirst Hvac Parts,,,,,(616) 243-0570,,,,,,,,,,US,,
The Building Performance Team,,,,,(616) 791-9180,,,,,,,,,,US,,
Envi Energy Experts,,,,,(805) 765-2720,,,,,,,,,,US,,
Diamond Heating & Cooling,,,,,(616) 459-3630,,,,,,,,,,US,,
Consumers Heating Company,,,,,(616) 456-1157,,,,,,,,,,US,,
Falicki Heating Co.,,,,,(616) 453-6174,,,,,,,,,,US,,
Cammenga & Karsemeyer Heating,,,,,(616) 318-0193,,,,,,,,,,US,,
Custom Climate Solutions Inc,,,,,(616) 301-9882,,,,,,,,,,US,,
Van Engen Heating & Cooling Llc,,,,,(616) 698-0703,,,,,,,,,,US,,
L. W. R. Heating & Cooling Inc.,,,,,(616) 784-4821,,,,,,,,,,US,,
C & G Services,,,,,(616) 975-0140,,,,,,,,,,US,,
Stearns Heating & Cooling LLC,,,,,(616) 550-5484,,,,,,,,,,US,,
1st Class Heating Cooling Mech LLC,,,,,(616) 363-0938,,,,,,,,,,US,,
Northview Mechanical & Building,,,,,(616) 361-1140,,,,,,,,,,US,,
Rowells Heating AC & Service,,,,,(616) 530-9848,,,,,,,,,,US,,
Refrigeration Engineering,,,,,(616) 735-2562,,,,,,,,,,US,,
Taurus heating HVAC Services,,,,,(650) 360-2957,,,,,,,,,,US,,
Acme Heating & Cooling,,,,,(616) 453-9492,,,,,,,,,,US,,
DeGraff Heating & Cooling,,,,,(616) 451-0911,,,,,,,,,,US,,
Air Comfort Heating & Cooling L.L.C.,,,,,(616) 235-7470,,,,,,,,,,US,,
Trost Heating & Cooling Inc,,,,,(734) 522-6437,,,,,,,,,,US,,
Wolverine Mechanical Services,,,,,(734) 425-5100,,,,,,,,,,US,,
Furnace Guy Heating & Cooling,,,,,(734) 261-9190,,,,,,,,,,US,,
Btu Heating & Cooling,,,,,(734) 462-2610,,,,,,,,,,US,,
O Best Heating And Cooling,,,,,(313) 728-5336,,,,,,,,,,US,,
Sheldo’s Heating And Cooling,,,,,(313) 263-7010,,,,,,,,,,US,,
Acme Heating & Cooling Company,,,,,(734) 464-6100,,,,,,,,,,US,,
Hobbs Mechanical Heating,,,,,(734) 427-8659,,,,,,,,,,US,,
"SunnyWinters Heating & Cooling, Inc.",,,,,(248) 358-5900,,,,,,,,,,US,,
Rna Heating & Cooling,,,,,(734) 459-1954,,,,,,,,,,US,,
Advance Heating & Cooling,,,,,(734) 722-1302,,,,,,,,,,US,,
Superior Heating & Cooling,,,,,(313) 724-1200,,,,,,,,,,US,,
Public Heating Company,,,,,(248) 478-7410,,,,,,,,,,US,,
Luter's Heating & Cooling,,,,,(313) 535-0386,,,,,,,,,,US,,
Environmental Recovery Refrigeration,,,,,(248) 496-4545,,,,,,,,,,US,,
Energy Savers Inc,,,,,(313) 255-0060,,,,,,,,,,US,,
Mechanical air llc,,,,,(313) 538-2819,,,,,,,,,,US,,
Morgan Mechanical,,,,,(313) 363-1194,,,,,,,,,,US,,
Northern Comfort Heating & Cooling,,,,,(313) 608-0652,,,,,,,,,,US,,
Shamrock Mechanical LLC,,,,,(734) 658-9672,,,,,,,,,,US,,
Attar Enterprises Heating & Cooling,,,,,(734) 324-0054,,,,,,,,,,US,,
K&H Heating and Cooling,,,,,(313) 445-9182,,,,,,,,,,US,,
THE APPLIANCE GURUZ,,,,,(810) 336-3366,,,,,,,,,,US,,
Gorilla Plumbing,,,,,(888) 731-8964,,,,,,,,,,US,,
SOMS Indoor Air Quality,,,,,(248) 924-9710,,,,,,,,,,US,,
South Lyon Heating & Cooling,,,,,(248) 437-1882,,,,,,,,,,US,,
Hoover,,,,,(734) 259-2423,,,,,,,,,,US,,
Robalee Mechanical,,,,,(419) 975-1926,,,,,,,,,,US,,
Handy Dan Home Improvements,,,,,(313) 929-5551,,,,,,,,,,US,,
Family Heating & Cooling,,,,,(248) 354-5001,,,,,,,,,,US,,
Dunrite On Time,,,,,(517) 404-2995,,,,,,,,,,US,,
Rjays Home Services,,,,,(313) 471-4732,,,,,,,,,,US,,
EJJ Hvac Wholesale Supply,,,,,(313) 999-3734,,,,,,,,,,US,,
Charter Air,,,,,(734) 578-9771,,,,,,,,,,US,,
Kadiri Group,,,,,(313) 478-1724,,,,,,,,,,US,,
Farmington Plumbing Heating and Cooling,,,,,(248) 957-0509,,,,,,,,,,US,,
Jawani home services,,,,,(313) 491-9999,,,,,,,,,,US,,
Gworks,,,,,(248) 499-3539,,,,,,,,,,US,,
Dependable Heating Cooling,,,,,(313) 779-7881,,,,,,,,,,US,,
Air Systems,,,,,(734) 453-6030,,,,,,,,,,US,,
Alex Heating And Cooling,,,,,(248) 499-2792,,,,,,,,,,US,,
West 11th Plumbing Heating and Cooling,,,,,(248) 957-0511,,,,,,,,,,US,,
Fire & Ice Construction,,,,,(248) 306-9409,,,,,,,,,,US,,
J Milburn Mechanical LLC,,,,,(313) 384-7460,,,,,,,,,,US,,
"D & F Heating, Fireplace and Chimney",,,,,(313) 870-7255,,,,,,,,,,US,,
Joiner Flooring Solutions,,,,,(313) 720-8373,,,,,,,,,,US,,
Blessed Hands,,,,,(313) 778-3656,,,,,,,,,,US,,
Doctor's Heating Cooling & Refrigeration,,,,,(313) 208-1567,,,,,,,,,,US,,
Seal Mechanical,,,,,(248) 257-8161,,,,,,,,,,US,,
R&A Mechanical Hvacr,,,,,(313) 461-6430,,,,,,,,,,US,,
Deans Heating and Cooling,,,,,(734) 968-7652,,,,,,,,,,US,,
Daniel's Heating & Cooling,,,,,(586) 772-0400,,,,,,,,,,US,,
Duquet Arthur G Heating & Cooling,,,,,(248) 348-3770,,,,,,,,,,US,,
Swac Wholesale Heating A-C LLC,,,,,(313) 534-2665,,,,,,,,,,US,,
Farmington Hills Heating & Cooling Pros,,,,,(248) 579-4182,,,,,,,,,,US,,
I D C Heating & Cooling,,,,,(313) 255-2808,,,,,,,,,,US,,
Detroit Adequate Heating & Cooling Repair,,,,,(313) 403-2792,,,,,,,,,,US,,
Lightninglike Lennox HVAC Systems,,,,,(248) 621-4278,,,,,,,,,,US,,
Nrthlnd Heating & Air,,,,,(313) 533-1927,,,,,,,,,,US,,
Tech IV Heating & Cooling,,,,,(734) 422-1285,,,,,,,,,,US,,
Heating & Air Conditioning Company,,,,,(734) 456-9174,,,,,,,,,,US,,
Grandell R A Heating Company Inc,,,,,(313) 534-2070,,,,,,,,,,US,,
A Able Heating & Cooling,,,,,(313) 561-4850,,,,,,,,,,US,,
Kevin S Heating Cooling,,,,,(313) 533-2080,,,,,,,,,,US,,
Hotwired Electric Heating and Cooling,,,,,(734) 427-2197,,,,,,,,,,US,,
Robindale Plumbing and Heating,,,,,(313) 952-9078,,,,,,,,,,US,,
National Heating & Cooling,,,,,(734) 464-3888,,,,,,,,,,US,,
Air Certified Heating Cooling & Airconditioning,,,,,(313) 533-2230,,,,,,,,,,US,,
Heating & Air Conditioning Company,,,,,(248) 277-4796,,,,,,,,,,US,,
Air Conditioning Specialties,,,,,(248) 939-8504,,,,,,,,,,US,,
Heating & Cooling Contractors,,,,,(248) 939-8503,,,,,,,,,,US,,
Cheap Heating & Air Conditioning,,,,,(313) 766-0107,,,,,,,,,,US,,
Absolute Comfort Heating & Cooling,,,,,(734) 513-9467,,,,,,,,,,US,,
Redford HVAC Pros,,,,,(313) 426-4621,,,,,,,,,,US,,
A Aaco Heating & Cooling,,,,,(248) 655-0550,,,,,,,,,,US,,
A Ross Heating & Cooling,,,,,(313) 274-6010,,,,,,,,,,US,,
Absolute Heating Cooling and Plumbing,,,,,(313) 977-9616,,,,,,,,,,US,,
Boiling Point Heating & Air Company,,,,,(248) 471-2677,,,,,,,,,,US,,
Heating Contractors & Specialties,,,,,(248) 939-8507,,,,,,,,,,US,,
Frederick Plumbing & Heating,,,,,(248) 358-3998,,,,,,,,,,US,,
P & T Heating and Cooling,,,,,(313) 784-8465,,,,,,,,,,US,,
Heating & Air Conditioning Company,,,,,(248) 957-0622,,,,,,,,,,US,,
Justin Dryer Vent Professionals & HVAC,,,,,(734) 530-3275,,,,,,,,,,US,,
Westland Plumbing Heating,,,,,(734) 456-5313,,,,,,,,,,US,,
Plymouth Plumbing Heating and Cooling,,,,,(734) 456-5296,,,,,,,,,,US,,
Gm Mechanical Heating COO,,,,,(313) 682-0905,,,,,,,,,,US,,
Siglers Heating and Cooling,,,,,(313) 406-3824,,,,,,,,,,US,,
Davis Heating & Cooling,,,,,(248) 967-1609,,,,,,,,,,US,,
Hypersonic Ruud HVAC Systems,,,,,(248) 621-4282,,,,,,,,,,US,,
Air Conditioning Service & Repair,,,,,(248) 939-8502,,,,,,,,,,US,,
Air Conditioning by Malestic Heating & Cooling,,,,,(313) 835-1606,,,,,,,,,,US,,
Kokke Heating & Cooling Inc,,,,,(248) 557-7730,,,,,,,,,,US,,
Cheap Heating & Air Conditioning,,,,,(734) 452-2153,,,,,,,,,,US,,
Ace Heating & Cooling,,,,,(734) 261-9058,,,,,,,,,,US,,
Temperature Unlimited Inc,,,,,(734) 266-2500,,,,,,,,,,US,,
Attic Insulation Expert Livonia,,,,,(877) 293-2310,,,,,,,,,,US,,
911 Attic Insulation Livonia,,,,,(877) 271-9599,,,,,,,,,,US,,
SOS Attic Insulation Services Livonia,,,,,(877) 472-9861,,,,,,,,,,US,,
Legacy Top Attic Services Livonia,,,,,(855) 627-3031,,,,,,,,,,US,,
AttiCare Cmpany Livonia,,,,,(855) 213-6316,,,,,,,,,,US,,
TipTop Attic Insulation LLC Livonia,,,,,(855) 359-3282,,,,,,,,,,US,,
Affordable Attic Insulation Livonia,,,,,(877) 257-1580,,,,,,,,,,US,,
Attic Masters Insulation Services Livonia,,,,,(877) 253-9112,,,,,,,,,,US,,
A1 Attic Insulation Company Livonia,,,,,(855) 357-9434,,,,,,,,,,US,,
First Classic Heating & Cooling,,,,,(248) 477-9136,,,,,,,,,,US,,
Loyal Attic Insulation Livonia,,,,,(855) 553-2797,,,,,,,,,,US,,
Krutsch Services,,,,,(313) 535-8397,,,,,,,,,,US,,
GMB Heating & Cooling,,,,,(734) 367-4246,,,,,,,,,,US,,
Freeman Heating Air Conditioning Services,,,,,(248) 845-1424,,,,,,,,,,US,,
Will Folsom heating and cooling,,,,,(248) 310-7768,,,,,,,,,,US,,
"Restaurant Ventilation Specialists, Inc.",,,,,(248) 363-3044,,,,,,,,,,US,,
Birmingham Heating & Air,,,,,(248) 752-1725,,,,,,,,,,US,,
Heating & Air Conditioning Company,,,,,(734) 452-2152,,,,,,,,,,US,,
Free Estimates Cooling,,,,,(248) 277-4803,,,,,,,,,,US,,
Brisk Heating & Cooling Repair,,,,,(248) 221-1563,,,,,,,,,,US,,
Lightninglike Heating & Cooling Repair,,,,,(248) 301-1437,,,,,,,,,,US,,
Emergency Heating & Air Conditioning Company,,,,,(734) 452-1962,,,,,,,,,,US,,
Productive Heating & Cooling Repair,,,,,(947) 221-0712,,,,,,,,,,US,,
Apt Heating & Cooling Repair,,,,,(947) 252-2031,,,,,,,,,,US,,
Skilled Heating & Cooling Repair,,,,,(248) 920-8926,,,,,,,,,,US,,
Robin Aire Heating & Cooling,,,,,(248) 541-3300,,,,,,,,,,US,,
Clear Advantage Mechanical,,,,,(616) 520-5884,,,,,,1620 Acacia Dr NW,Comstock Park,,49321.0,US,,
Residence Inn by Marriott Grand Rapids Downtown,,,,,(616) 776-5905,,,,,,40 Louis St NW,Grand Rapids,,49503.0,US,,
Cook's Plumbing Heating & Cooling,,,,,(616) 589-4095,,,,,,,Wyoming,,49509.0,US,,
Innovative Comfort & Energy Solutions,,,,,(616) 291-0756,,,,,,1130 Fuller SE,Grand Rapids,,49506.0,US,,
Brinker Mechanical Services,,,,,(616) 878-0229,,,,,,3143 Rush Creek Dr SW,Byron Center,,49315.0,US,,
Total Comfort Resource,,,,,(616) 406-3182,,,,,,3584 Fairlanes Ave SW,Grandville,,49418.0,US,,
Evans Tempcon,,,,,(616) 361-2681,,,,,,3260 Eagle Park Dr NE,Grand Rapids,,49525.0,US,,
Ruiter Heating & Cooling,,,,,(231) 733-8449,,,,,,8429 13 Mile Rd NE,Rockford,,49341.0,US,,
Mac's Heating & Cooling,,,,,(616) 895-9090,,,,,,10958 88th Ave,Allendale,,49401.0,US,,
"Merkle & Company, Inc (MW36)",,,,,(248) 766-2750,,,,,,,Grand Rapids,,49548.0,US,,
Accurate Heating & Cooling,,,,,(616) 885-4584,,,,,,1089 Leonard St NW,Grand Rapids,,49534.0,US,,
Star Furnace Repair,,,,,(616) 256-0590,,,,,,536 Newberg Ave NW,Grand Rapids,,49504.0,US,,
Grand Rapids Air Conditioning Service & Repair,,,,,(616) 228-4216,,,,,,1058 Scribner Ave NW,Grand Rapids,,49504.0,US,,
GLCCB REYES Coca-Cola Bottling,,,,,(616) 458-4536,,,,,,333 Garfield Ave SW,Grand Rapids,,49504.0,US,,
GRR PIPE,,,,,(616) 247-0307,,,,,,1649 Century Ave SW,Grand Rapids,,49503.0,US,,
Central States Property,,,,,(616) 456-8561,,,,,,1359 Dewberry Pl NE,Grand Rapids,,49505.0,US,,
Premier Grand Rapids AC Repair & Cleaning Services,,,,,(616) 333-5703,,,,,,89 Ionia Ave SW,Grand Rapids,,49503.0,US,,
Cuello Air Conditioning & Refrigeration Service & Repair,,,,,(621) 748-3710,,,,,,705 Eastern Ave SE,Grand Rapids,,49503.0,US,,
AC Hotel by Marriott Grand Rapids Downtown,,,,,(616) 776-3200,,,,,,50 Monroe Ave NW,Grand Rapids,,49503.0,US,,
Michigan Heating & Cooling,,,,,(616) 538-7260,,,,,,2032 28th St SW,Wyoming,,49519.0,US,,
Stienstra Heating & Cooling,,,,,(616) 258-2377,,,,,,250 Monroe NW,Grand Rapids Charter Township,,49503.0,US,,
Jarosch Heating & Cooling,,,,,(616) 552-1885,,,,,,908 W River Center Dr NE,Comstock Park,,49321.0,US,,
Interstate Heating & Cooling,,,,,(616) 677-3500,,,,,,O 3550 Lk Michign Dr,Marne,,49435.0,US,,
HVAC Grand Rapids,,,,,(616) 777-5199,,,,,,6559 Rollingview Dr,Hudsonville,,49426.0,US,,
Thomas Heating and Cooling,,,,,(616) 988-2191,,,,,,1625 Walker NW,Grand Rapids,,49504.0,US,,
Elite Indoor Comfort,,,,,(616) 538-4818,,,,,,2971 N Horseshoe Dr SW,Wyoming,,49418.0,US,,
Complete Air Services Heating & Cooling,,,,,(616) 878-1884,,,,,,7974 Clyde Park Ave SW,Byron Center,,49315.0,US,,
Kyle Fischer Appliance Tech & Handyman,,,,,(616) 886-8029,,,,,,,West Olive,,49460.0,US,,
K & K Mechanical,,,,,(269) 447-7381,,,,,,1020 5th St,Plainwell,,49080.0,US,,
Lakeshore Plumbing & Heating,,,,,(231) 861-7333,,,,,,,Shelby,,49455.0,US,,
Loc Heating & Cooling,,,,,(616) 583-0299,,,,,,2386 Byron Shores Dr SW,Byron Center,,49315.0,US,,
Ace Appliance,,,,,(616) 206-0639,,,,,,,Wyoming,,49548.0,US,,
Ramos Heating & Cooling,,,,,(616) 452-0020,,,,,,1045 Grandville Ave SW,Grand Rapids,,49503.0,US,,
Cnc Appliance Repair,,,,,(616) 389-0344,,,,,,,Grand Rapids,,49508.0,US,,
B Ph Mechanical Services,,,,,(616) 957-4470,,,,,,611528 SE,Grand Rapids,,49546.0,US,,
Heating Contractor Grand Rapids,,,,,(866) 214-9326,,,,,,3196 Kraft Ave,Grand Rapids Charter Township,,49512.0,US,,
Comfort Masters Heating & Air Conditioning,,,,,(616) 988-1560,,,,,,5724 Clay Ave SW,Grand Rapids,,49548.0,US,,
Air Technology Heating and Cooling,,,,,(616) 238-5365,,,,,,,Jenison,,49428.0,US,,
A1 Aafordable Air Conditioning & Heating,,,,,(616) 890-0319,,,,,,5001 Cedar Ridge St NE,Grand Rapids,,49525.0,US,,
Perfectly Square Construction,,,,,(616) 608-2752,,,,,,924 Cresent St NE,Grand Rapids,,49503.0,US,,
Kris Kobylarz Heating and Cooling,,,,,(989) 334-5877,,,,,,,Mount Pleasant,,48858.0,US,,
Jp Quality Services,,,,,(616) 888-5661,,,,,,,Wyoming,,49509.0,US,,
K&P Mechanical,,,,,(616) 325-4569,,,,,,,Grand Rapids,,49504.0,US,,
Servicefirst Hvac Parts,,,,,(616) 243-0570,,,,,,3403 Lousma Dr SE,Grand Rapids,,49548.0,US,,
The Building Performance Team,,,,,(616) 791-9180,,,,,,1631 Acacia Dr NW,Grand Rapids,,49504.0,US,,
Envi Energy Experts,,,,,(805) 765-2720,,,,,,,Walker,,,US,,
Diamond Heating & Cooling,,,,,(616) 459-3630,,,,,,619 Emperor St SW,Grand Rapids,,49504.0,US,,
Consumers Heating Company,,,,,(616) 456-1157,,,,,,453 Carrier St NE,Grand Rapids,,49505.0,US,,
Falicki Heating Co.,,,,,(616) 453-6174,,,,,,2231 Leonard St NW,Grand Rapids,,49504.0,US,,
Cammenga & Karsemeyer Heating,,,,,(616) 318-0193,,,,,,4282 Central Pkwy,Hudsonville,,49426.0,US,,
Custom Climate Solutions Inc,,,,,(616) 301-9882,,,,,,1867 Forest Lake Dr SE,Grand Rapids,,49546.0,US,,
Van Engen Heating & Cooling Llc,,,,,(616) 698-0703,,,,,,1061 Swather St SE,Grand Rapids,,49508.0,US,,
L. W. R. Heating & Cooling Inc.,,,,,(616) 784-4821,,,,,,3830 Mill Creek Dr NE,Comstock Park,,49321.0,US,,
C & G Services,,,,,(616) 975-0140,,,,,,2525 E Paris Ave SE,Grand Rapids,,49546.0,US,,
Stearns Heating & Cooling LLC,,,,,(616) 550-5484,,,,,,478 Eleanor St NE,Grand Rapids,,49505.0,US,,
1st Class Heating Cooling Mech LLC,,,,,(616) 363-0938,,,,,,3060 Dorais Dr NE,Grand Rapids,,49525.0,US,,
Northview Mechanical & Building,,,,,(616) 361-1140,,,,,,4486 Miramar Ave NE,Grand Rapids,,49525.0,US,,
Rowells Heating AC & Service,,,,,(616) 530-9848,,,,,,4101 Colby Ave SW,Wyoming,,49509.0,US,,
Refrigeration Engineering,,,,,(616) 735-2562,,,,,,3227 3 Mile Rd NW,Grand Rapids,,49534.0,US,,
Taurus heating HVAC Services,,,,,(650) 360-2957,,,,,,550 Lafayette Ave SE,Grand Rapids,,49503.0,US,,
Acme Heating & Cooling,,,,,(616) 453-9492,,,,,,1621 Richmond St NW,Grand Rapids,,49504.0,US,,
DeGraff Heating & Cooling,,,,,(616) 451-0911,,,,,,1303 Plainfield Ave NE,Grand Rapids,,49505.0,US,,
Air Comfort Heating & Cooling L.L.C.,,,,,(616) 235-7470,,,,,,1014 Malta St NE,Grand Rapids,,49503.0,US,,
A Ross Heating & Cooling,,,,,(313) 274-6010,,,,,,,,,,,,
Absolute Heating Cooling and Plumbing,,,,,(313) 977-9616,,,,,,,,,,,,
Boiling Point Heating & Air Company,,,,,(248) 471-2677,,,,,,,,,,,,
Heating Contractors & Specialties,,,,,(248) 939-8507,,,,,,,,,,,,
Frederick Plumbing & Heating,,,,,(248) 358-3998,,,,,,,,,,,,
P & T Heating and Cooling,,,,,(313) 784-8465,,,,,,,,,,,,
Heating & Air Conditioning Company,,,,,(248) 957-0622,,,,,,,,,,,,
Justin Dryer Vent Professionals & HVAC,,,,,(734) 530-3275,,,,,,,,,,,,
Westland Plumbing Heating,,,,,(734) 456-5313,,,,,,,,,,,,
Plymouth Plumbing Heating and Cooling,,,,,(734) 456-5296,,,,,,,,,,,,
Gm Mechanical Heating COO,,,,,(313) 682-0905,,,,,,,,,,,,
Siglers Heating and Cooling,,,,,(313) 406-3824,,,,,,,,,,,,
Davis Heating & Cooling,,,,,(248) 967-1609,,,,,,,,,,,,
Hypersonic Ruud HVAC Systems,,,,,(248) 621-4282,,,,,,,,,,,,
Air Conditioning Service & Repair,,,,,(248) 939-8502,,,,,,,,,,,,
Air Conditioning by Malestic Heating & Cooling,,,,,(313) 835-1606,,,,,,,,,,,,
Kokke Heating & Cooling Inc,,,,,(248) 557-7730,,,,,,,,,,,,
Cheap Heating & Air Conditioning,,,,,(734) 452-2153,,,,,,,,,,,,
Ace Heating & Cooling,,,,,(734) 261-9058,,,,,,,,,,,,
Temperature Unlimited Inc,,,,,(734) 266-2500,,,,,,,,,,,,
Attic Insulation Expert Livonia,,,,,(877) 293-2310,,,,,,,,,,,,
911 Attic Insulation Livonia,,,,,(877) 271-9599,,,,,,,,,,,,
SOS Attic Insulation Services Livonia,,,,,(877) 472-9861,,,,,,,,,,,,
Legacy Top Attic Services Livonia,,,,,(855) 627-3031,,,,,,,,,,,,
AttiCare Cmpany Livonia,,,,,(855) 213-6316,,,,,,,,,,,,
TipTop Attic Insulation LLC Livonia,,,,,(855) 359-3282,,,,,,,,,,,,
Affordable Attic Insulation Livonia,,,,,(877) 257-1580,,,,,,,,,,,,
Attic Masters Insulation Services Livonia,,,,,(877) 253-9112,,,,,,,,,,,,
A1 Attic Insulation Company Livonia,,,,,(855) 357-9434,,,,,,,,,,,,
First Classic Heating & Cooling,,,,,(248) 477-9136,,,,,,,,,,,,
Loyal Attic Insulation Livonia,,,,,(855) 553-2797,,,,,,,,,,,,
Krutsch Services,,,,,(313) 535-8397,,,,,,,,,,,,
GMB Heating & Cooling,,,,,(734) 367-4246,,,,,,,,,,,,
All Furnaces Repair Service,,,,,(586) 339-5941,,,,,,,,,,,,
Parent Heating & Cooling,,,,,(248) 616-9980,,,,,,,,,,,,
Cameron & King Pl-Ht-Air,,,,,(313) 862-7100,,,,,,,,,,,,
Sheldo’s Heating And Cooling,,,,,(313) 263-7010,,,,,,,,,,,,
R M C Service Co,,,,,(313) 342-0808,,,,,,,,,,,,
Birmingham Heating & Air,,,,,(248) 752-1725,,,,,,,,,,,,
Hobbs Mechanical Heating,,,,,(734) 427-8659,,,,,,,,,,,,
A G Heating & Cooling Inc,,,,,(248) 204-9227,,,,,,,,,,,,
Novoa’s Services,,,,,(678) 887-4942,,,,,,,,,,,,
B&B Climate Control,,,,,(586) 222-1947,,,,,,,,,,,,
Detroit Heating and Cooling Co,,,,,(248) 340-3609,,,,,,,,,,,,
Seal Mechanical,,,,,(248) 257-8161,,,,,,,,,,,,
Sensible Heating & Cooling,,,,,(517) 515-8046,,,,,,,,,,,,
Dunrite On Time,,,,,(517) 404-2995,,,,,,,,,,,,
"D & F Heating, Fireplace and Chimney",,,,,(313) 870-7255,,,,,,,,,,,,
Fraser Heating and Cooling,,,,,(586) 405-8683,,,,,,,,,,,,
Handy Dan Home Improvements,,,,,(313) 929-5551,,,,,,,,,,,,
Blessed Hands,,,,,(313) 778-3656,,,,,,,,,,,,
Jayâs Heat and Cooling,,,,,(586) 413-8028,,,,,,,,,,,,
Bob Carpenter Heating Co,,,,,(248) 644-0123,,,,,,,,,,,,
Jay Heating & Cooling,,,,,(313) 522-6054,,,,,,,,,,,,
Shepherd Park Emergency Sewer and Drain,,,,,(248) 397-0330,,,,,,,,,,,,
5Star Infinity Heating And Cooling,,,,,(313) 999-6229,,,,,,,,,,,,
Parker's Heating and Cooling,,,,,(313) 410-6189,,,,,,,,,,,,
McCullough Icy Hot Heating &Cooling,,,,,(313) 244-9052,,,,,,,,,,,,
Cheap Heating & Air Conditioning,,,,,(248) 728-0048,,,,,,,,,,,,
Davis Heating and Cooling,,,,,(248) 281-6963,,,,,,,,,,,,
Air Certified Heating Cooling & Airconditioning,,,,,(313) 533-2230,,,,,,,,,,,,
Clawson Heating Maintenance,,,,,(248) 237-4744,,,,,,,,,,,,
Detroit Skilled Heating & Cooling Repair,,,,,(313) 261-7261,,,,,,,,,,,,
Snowden Plumbing and Heating,,,,,(313) 915-9146,,,,,,,,,,,,
Dashing Heating & Cooling Repair,,,,,(248) 509-0059,,,,,,,,,,,,
Redford HVAC Pros,,,,,(313) 426-4621,,,,,,,,,,,,
Matt's Heating and Cooling,,,,,(586) 822-3799,,,,,,,,,,,,
Detroit Automatic Sprinkler Company,,,,,(586) 574-0100,,,,,,,,,,,,
Aladdin Heating & Cooling,,,,,(586) 775-4646,,,,,,,,,,,,
Superior Air Heating and Cooling,,,,,(586) 943-1093,,,,,,,,,,,,
Reliable Energy Systems,,,,,(586) 772-5310,,,,,,,,,,,,
Ron's Custom Heating & Cooling,,,,,(586) 263-1014,,,,,,,,,,,,
Marek Mechanical LLC,,,,,(586) 758-0764,,,,,,,,,,,,
North Star Refrigeration Heating & Cooling,,,,,(586) 939-0070,,,,,,,,,,,,
J&J Heating and Air Conditioning,,,,,(586) 344-3793,,,,,,,,,,,,
J & E Royalty Heating and Cooling,,,,,(248) 584-1060,,,,,,,,,,,,
B & L Heating,,,,,(248) 288-3150,,,,,,,,,,,,
Eastpointe Plumbing & Heating,,,,,(586) 776-1742,,,,,,,,,,,,
Heatmasters Heating & Cooling,,,,,(586) 567-1976,,,,,,,,,,,,
Heating Authority,,,,,(586) 268-1730,,,,,,,,,,,,
Creative Heating And Cooling Inc.,,,,,(586) 943-1214,,,,,,,,,,,,
Air Care HVAC,,,,,(248) 548-7776,,,,,,,,,,,,
Ray's Refrigeration & Air Conditioning,,,,,(586) 755-1462,,,,,,,,,,,,
Sise Heating & Air Conditioning,,,,,(586) 772-6810,,,,,,,,,,,,
Roseville Heating & Cooling,,,,,(586) 294-7420,,,,,,,,,,,,
City Express Mechanical Heating & Cooling,,,,,(586) 759-2050,,,,,,,,,,,,
March Mechanical,,,,,(810) 560-0492,,,,,,,,,,,,
Daniel's Heating Cooling Plumbing,,,,,(586) 772-0400,,,,,,,,,,,,
HVAC Investments,,,,,(727) 228-9474,,,,,,,,,,,,
Maven Heating Duct & Air Conditioning,,,,,(808) 946-4511,,,,,,,,,,,,
Temp - 1 Heating & Cooling,,,,,(248) 686-4757,,,,,,,,,,,,
Roman Empire Heating and Cooling,,,,,(586) 202-0672,,,,,,,,,,,,
Morgan Mechanical,,,,,(313) 363-1194,,,,,,,,,,,,
Ken's Refrigeration & Air Conditioning,,,,,(586) 519-0597,,,,,,,,,,,,
Plt Heating & Cooling,,,,,(313) 423-0018,,,,,,,,,,,,
Mobil Air,,,,,(248) 307-1938,,,,,,,,,,,,
Kmetz Heating & Cooling,,,,,(586) 777-1929,,,,,,,,,,,,
Abe's Sewer and Plumbing,,,,,(313) 283-7413,,,,,,,,,,,,
Goodman Heating and Cooling,,,,,(313) 218-4343,,,,,,,,,,,,
Aero Heating & Cooling,,,,,(586) 493-6000,,,,,,,,,,,,
Always Pray Heating & Cooling,,,,,(248) 556-8661,,,,,,,,,,,,
Quality Mechanical Systems,,,,,(313) 828-3933,,,,,,,,,,,,
Williams Cooling & Heating Dvsn of Wllms Rfrgrtn &,,,,,(313) 372-5500,,,,,,,,,,,,
P M Plumbing & Mechanical,,,,,(248) 392-6304,,,,,,,,,,,,
National Induction Heating,,,,,(248) 547-5700,,,,,,,,,,,,
RoboVent,,,,,(586) 204-6833,,,,,,,,,,,,
Daniel's Heating & Air Conditioning,,,,,(313) 527-5935,,,,,,,,,,,,
EB Services,,,,,(586) 751-7300,,,,,,,,,,,,
Hovey HVAC,,,,,(586) 531-1250,,,,,,,,,,,,
Vance Avenue Emergency Sewer and Drain,,,,,(248) 397-0319,,,,,,,,,,,,
J Milburn Mechanical LLC,,,,,(313) 384-7460,,,,,,,,,,,,
Heating Plus Cooling,,,,,(313) 893-3400,,,,,,,,,,,,
R&A Mechanical Hvacr,,,,,(313) 461-6430,,,,,,,,,,,,
C & C Heating and Air Conditioning,,,,,(586) 371-2020,,,,,,,,,,,,
Warren Hvac Service,,,,,(586) 244-7066,,,,,,,,,,,,
American pride heating and cooling,,,,,(248) 561-3898,,,,,,,,,,,,
C & C Heating and Air Conditioning,,,,,(586) 218-3918,,,,,,,,,,,,
Dion's Complete Plumbing Heating & Cooling,,,,,(734) 800-3820,,,,,,,,,,,,
Quality Comfort Heating and Cooling,,,,,(586) 222-7001,,,,,,,,,,,,
Silver Shepherd Home Services,,,,,(586) 360-8564,,,,,,,,,,,,
Teds Plumbing Heating,,,,,(313) 670-5930,,,,,,,,,,,,
Mike O’s Handy Pros,,,,,(313) 465-4944,,,,,,,,,,,,
Titan Heating and Cooling,,,,,(734) 239-3820,,,,,,,,,,,,
Williams Heat and Cool,,,,,(313) 402-6542,,,,,,,,,,,,
E&T HVAC,,,,,(989) 614-2377,,,,,,,,,,,,
Jam's Maintenance,,,,,(586) 459-8433,,,,,,,,,,,,
Hazel Park Plumbing and Heating,,,,,(248) 397-0269,,,,,,,,,,,,
Detroit Ductless Air Conditioning & Heat Pumps,,,,,(313) 771-8807,,,,,,,,,,,,
Hamtramck Heating & Cooling Emergency Response,,,,,(313) 356-5766,,,,,,,,,,,,
Madison Heights We Service Heating & Cooling Makes & Models,,,,,(248) 301-2591,,,,,,,,,,,,
Heating & Air Conditioning Company,,,,,(586) 298-3738,,,,,,,,,,,,
Detroit Able Heating & Cooling Repair,,,,,(313) 466-7157,,,,,,,,,,,,
Holiday Heating,,,,,(313) 647-4468,,,,,,,,,,,,
Vision Air Heating and Cooling,,,,,(586) 343-8118,,,,,,,,,,,,
Clinton Township Heating & Cooling,,,,,(586) 649-3170,,,,,,,,,,,,
Jet's Plumbing Heating & Cooling,,,,,(313) 769-4176,,,,,,,,,,,,
Detroit Casement Air Conditioning Repair,,,,,(313) 497-4411,,,,,,,,,,,,
Exclusive Heating,,,,,(313) 397-2811,,,,,,,,,,,,
Tech IV Heating & Cooling,,,,,(586) 466-4000,,,,,,,,,,,,
Max Dryer Vent Solutions & HVAC,,,,,(313) 327-3489,,,,,,,,,,,,
Quick Heating & Cooling Repair,,,,,(586) 265-5687,,,,,,,,,,,,
Nimble Heating & Cooling Repair,,,,,(586) 666-4784,,,,,,,,,,,,
Lakeview Heating Cooling Plumbing & Electrical,,,,,(586) 436-3438,,,,,,,,,,,,
Camelot Heating & Air Conditioning Heating & Air Conditioning/HVAC,,,,,(877) 361-3008,,,,,,,,,,,,
Fleet Carrier HVAC Systems,,,,,(248) 509-0544,,,,,,,,,,,,
Acme Air Conditioning & Heating,,,,,(726) 200-1700,,,,,,,,,,,,
Winged Heating & Cooling Repair,,,,,(586) 666-4949,,,,,,,,,,,,
Air Flow Heating Supply,,,,,(586) 755-1996,,,,,,,,,,,,
Triple A Heating Company,,,,,(586) 755-1920,,,,,,,,,,,,
Advanced Attic Solutions Warren,,,,,(855) 217-0249,,,,,,,,,,,,
A1 Attic Insulation Company Warren,,,,,(855) 357-9434,,,,,,,,,,,,
Repair Trane HVAC Systems,,,,,(586) 204-8894,,,,,,,,,,,,
"City Express Heating & Cooling, Inc.",,,,,(248) 547-0200,,,,,,,,,,,,
Arctic Flame Heating & Cooling,,,,,(586) 932-3374,,,,,,,,,,,,
Roseville Plumbing Heating and Cooling,,,,,(586) 298-3204,,,,,,,,,,,,
Polar Heating & Cooling,,,,,(586) 778-5430,,,,,,,,,,,,
Hvac Preferred Engineer System,,,,,(248) 541-3521,,,,,,,,,,,,
Rapid Service Refrigeration,,,,,(586) 294-5959,,,,,,,,,,,,
Michael Norton Heating,,,,,(248) 445-8674,,,,,,,,,,,,
Trane HVAC Systems Repair,,,,,(586) 217-2572,,,,,,,,,,,,
Top Team Attic Insulation Warren,,,,,(855) 622-7361,,,,,,,,,,,,
Marciniak Heating & Cooling,,,,,(586) 779-8593,,,,,,,,,,,,
Detroit Heating & Air Conditioning Company,,,,,(248) 729-0497,,,,,,,,,,,,
Sj Heating Cooling,,,,,(313) 527-5909,,,,,,,,,,,,
Decker Boiler Company,,,,,(586) 773-2402,,,,,,,,,,,,
Detroit Heating & Air Conditioning Company,,,,,(586) 467-0435,,,,,,,,,,,,
Heating & Air Conditioning Company,,,,,(248) 397-0289,,,,,,,,,,,,
Warren Plumbing and Heating,,,,,(586) 467-0475,,,,,,,,,,,,
Detroit Heating & Air Conditioning Company,,,,,(248) 397-0860,,,,,,,,,,,,
Ambient Temp Heating and Cooling,,,,,(586) 434-5075,,,,,,,,,,,,
Maurice Heating and Cooling,,,,,(586) 920-2863,,,,,,,,,,,,
Fast Heating and Air Conditioning,,,,,(248) 546-0101,,,,,,,,,,,,
Refrigeration R W,,,,,(586) 619-7180,,,,,,,,,,,,
Arctic Flame Heating & Cooling,,,,,(248) 996-0075,,,,,,,,,,,,
Mound Road Plumbing and Heating,,,,,(313) 731-9132,,,,,,,,,,,,
